team,season,gw,elo_e
Man City,2018-19,1,0.5
Chelsea,2018-19,2,0.5143871841659986
West Ham,2018-19,3,0.5283378170434968
West Brom,2018-19,4,0.5131583934650281
Newcastle,2018-19,5,0.4983915521542879
Everton,2018-19,6,0.4840520960891664
Watford,2018-19,7,0.4701500837912887
Fulham,2018-19,8,0.4566913370008863
Leicester,2018-19,9,0.44367795278535926
Crystal Palace,2018-19,10,0.4311088039854658
Liverpool,2018-19,11,0.4330550628748492
Wolves,2018-19,12,0.43494831921917715
Newcastle,2018-19,13,0.4227291071353173
Spurs,2018-19,14,0.4248562543743258
Man Utd,2018-19,15,0.41295023652782753
Fulham,2018-19,16,0.40267319866843954
Southampton,2018-19,17,0.4041699566453104
Burnley,2018-19,18,0.42079211750172313
Brighton,2018-19,19,0.4090321145276194
Liverpool,2018-19,20,0.41343392399662665
Fulham,2018-19,21,0.40398164434776085
West Ham,2018-19,22,0.4019609114138777
Chelsea,2018-19,23,0.4472682950871905
West Brom,2018-19,24,0.4065621835414783
Man City,2018-19,25,0.42351544271273284
West Brom,2018-19,26,0.4000060958346401
Southampton,2018-19,27,0.43118748155776937
Newcastle,2018-19,28,0.37723624719344045
Spurs,2018-19,29,0.3804610010615805
Man Utd,2018-19,30,0.39773917146102816
Newcastle,2018-19,32,0.3497390518469242
Everton,2018-19,33,0.36199832563342815
Watford,2018-19,34,0.37950538593376254
Crystal Palace,2018-19,35,0.38383999617529185
Leicester,2018-19,36,0.3866645363676614
Brighton,2018-19,37,0.41843813109042455
Burnley,2018-19,38,0.40643644871435336
Newcastle,2019-20,1,0.3619736856532785
Burnley,2019-20,2,0.3742619406752311
Liverpool,2019-20,3,0.4045389456966772
Spurs,2019-20,4,0.39450316561296206
Watford,2019-20,5,0.3825011252269587
Aston Villa,2019-20,6,0.4091215827110456
Man Utd,2019-20,7,0.3892492164633819
Newcastle,2019-20,8,0.34674749139233596
Sheffield Utd,2019-20,9,0.3912955044958019
Crystal Palace,2019-20,10,0.427288969587765
Wolves,2019-20,11,0.41194523459015925
Leicester,2019-20,12,0.41732876377571754
Southampton,2019-20,13,0.433583897536515
Norwich,2019-20,14,0.4308087107076081
Brighton,2019-20,15,0.4376454945483234
West Ham,2019-20,16,0.45070605678570397
Man City,2019-20,17,0.4666004139862611
Everton,2019-20,18,0.4554686924261552
Newcastle,2019-20,19,0.386384789770614
Chelsea,2019-20,20,0.4566836841909596
Man Utd,2019-20,21,0.46540972931847996
Crystal Palace,2019-20,22,0.47953510491803014
Sheffield Utd,2019-20,23,0.47584129251208374
Chelsea,2019-20,24,0.4757584514523218
Burnley,2019-20,25,0.42566889840193994
Newcastle,2019-20,26,0.39869201603128973
Everton,2019-20,27,0.456185165557734
West Ham,2019-20,29,0.42679343037897854
Fulham,2020-21,1,0.39039176625946653
West Ham,2020-21,2,0.39217845167953275
Liverpool,2020-21,3,0.4386799480629383
Sheffield Utd,2020-21,4,0.4371273232189528
Man City,2020-21,5,0.4524760450776936
Leicester,2020-21,6,0.44364914826602053
Man Utd,2020-21,7,0.41932889957635017
Aston Villa,2020-21,8,0.4147636954315742
Leeds,2020-21,9,0.44279481078076016
Wolves,2020-21,10,0.44877682422601034
Spurs,2020-21,11,0.4544307160344374
Burnley,2020-21,12,0.4435573003115901
Southampton,2020-21,13,0.4984240704762398
Everton,2020-21,14,0.48440675406399747
Chelsea,2020-21,15,0.5240796182315053
Brighton,2020-21,16,0.5127236854948104
West Brom,2020-21,17,0.43913592684384833
Crystal Palace,2020-21,18,0.4865804426735252
Newcastle,2020-21,19,0.39033551210488776
Southampton,2020-21,20,0.4601102448394079
Man Utd,2020-21,21,0.4098629122060554
Wolves,2020-21,22,0.46302072730796334
Aston Villa,2020-21,23,0.4632716157463635
Leeds,2020-21,24,0.4752513743851737
Man City,2020-21,25,0.5219868099058286
Leicester,2020-21,26,0.5113290145533806
Burnley,2020-21,27,0.4427722266093671
Spurs,2020-21,28,0.4705795195181585
West Ham,2020-21,29,0.41339364454456745
Liverpool,2020-21,30,0.5016467964165044
Sheffield Utd,2020-21,31,0.46955759661921287
Fulham,2020-21,32,0.4039800188949867
Everton,2020-21,33,0.4606391408058735
Newcastle,2020-21,34,0.3835605630888398
West Brom,2020-21,35,0.40805305325103686
Crystal Palace,2020-21,37,0.46870087202989275
Brighton,2020-21,38,0.4390825968994295
Brentford,2021-22,1,0.42042851333927306
Chelsea,2021-22,2,0.4390868808540711
Man City,2021-22,3,0.5283950843738343
Norwich,2021-22,4,0.4681805731931796
Burnley,2021-22,5,0.4382087937690196
Spurs,2021-22,6,0.4368048953691649
Brighton,2021-22,7,0.4218872273729488
Crystal Palace,2021-22,8,0.4393296037195092
Aston Villa,2021-22,9,0.4521445006717798
Leicester,2021-22,10,0.4416827411991623
Watford,2021-22,11,0.38668289285281665
Liverpool,2021-22,12,0.4611508616282645
West Brom,2018-19,1,0.4379526291984758
West Ham,2018-19,2,0.45546765140572926
Everton,2018-19,3,0.4972320200710777
Chelsea,2018-19,4,0.4928648763825413
Leicester,2018-19,5,0.49919843242006284
Burnley,2018-19,6,0.44739671758599564
Crystal Palace,2018-19,7,0.5015399605825632
Watford,2018-19,8,0.4440950613545642
Southampton,2018-19,9,0.4568414322680657
Fulham,2018-19,10,0.4203721337560895
Man Utd,2018-19,11,0.4243833257495837
Newcastle,2018-19,12,0.3734858600211525
Arsenal,2018-19,13,0.4870269789402476
Man City,2018-19,14,0.590217378399364
Fulham,2018-19,15,0.45675739948840294
Liverpool,2018-19,16,0.581656259092146
Wolves,2018-19,17,0.5480564148023895
Brighton,2018-19,18,0.5214769823628912
Spurs,2018-19,19,0.4943112178211208
Man Utd,2018-19,20,0.5129705381333385
Watford,2018-19,21,0.4940642772710836
Everton,2018-19,22,0.5619264897581784
West Ham,2018-19,23,0.5066733012161805
Chelsea,2018-19,24,0.5698807930298339
West Brom,2018-19,25,0.4460791314674123
Liverpool,2018-19,26,0.6278810273837749
Wolves,2018-19,27,0.5950611818610224
Arsenal,2018-19,28,0.5592451789246958
Man City,2018-19,29,0.653548152005524
West Brom,2018-19,30,0.5083860856668158
Newcastle,2018-19,31,0.4725312279305535
Leicester,2018-19,32,0.5492842801210699
Burnley,2018-19,33,0.5548402437990465
Brighton,2018-19,34,0.5600653050679535
Fulham,2018-19,35,0.4931612467014586
Southampton,2018-19,36,0.5720199137460155
Spurs,2018-19,37,0.57360741110699
Crystal Palace,2018-19,38,0.5556214332231559
Spurs,2019-20,1,0.48188790252593655
Newcastle,2019-20,2,0.4357779798157977
Everton,2019-20,3,0.5663928184979664
Crystal Palace,2019-20,4,0.5242271221201626
West Ham,2019-20,5,0.46884622184636365
Arsenal,2019-20,6,0.5566467548324965
Burnley,2019-20,7,0.5434174812784146
Norwich,2019-20,8,0.5294336778530999
Brighton,2019-20,9,0.49058982729729256
Man City,2019-20,10,0.6203763888331617
Liverpool,2019-20,11,0.6245515906058494
Wolves,2019-20,12,0.5786664026586754
Newcastle,2019-20,13,0.4822085532955314
Man Utd,2019-20,14,0.533483602807486
Chelsea,2019-20,15,0.5471626446455746
Leicester,2019-20,16,0.5522930876718457
Sheffield Utd,2019-20,17,0.5484954005588617
Southampton,2019-20,18,0.5618288614355491
Norwich,2019-20,19,0.555188546115308
Watford,2019-20,20,0.5213298895496534
Burnley,2019-20,21,0.5793343078621599
Man City,2019-20,22,0.6773277548427618
Brighton,2019-20,23,0.5232850703339048
Watford,2019-20,24,0.5407492032813583
Newcastle,2019-20,25,0.4791939258246496
Spurs,2019-20,26,0.567677105862804
Southampton,2019-20,27,0.5880518707570241
Leicester,2019-20,29,0.6152229692655065
Sheffield Utd,2020-21,2,0.6099652523614593
Fulham,2020-21,3,0.5335780366889937
Liverpool,2020-21,4,0.6807269915557965
Leicester,2020-21,5,0.5861063099778979
Leeds,2020-21,6,0.5252473733806757
Southampton,2020-21,7,0.5676389172551484
Arsenal,2020-21,8,0.6021628162052066
Brighton,2020-21,9,0.49616341894419796
West Ham,2020-21,10,0.501738629953076
Wolves,2020-21,12,0.6299939262867968
Burnley,2020-21,13,0.5401037043187622
West Brom,2020-21,14,0.4819784007919375
Crystal Palace,2020-21,15,0.5644904111597043
Chelsea,2020-21,16,0.5550178274507086
Man Utd,2020-21,17,0.52490667649813
Burnley,2020-21,20,0.5198420071542971
Southampton,2020-21,21,0.5802597246804585
West Ham,2020-21,22,0.4902249441612069
Arsenal,2020-21,23,0.571776777313111
Brighton,2020-21,24,0.4975259223757402
Leicester,2020-21,25,0.5487876701520502
Leeds,2020-21,26,0.5474861077994093
Wolves,2020-21,27,0.5697752040312851
Newcastle,2020-21,28,0.46614253927322313
Spurs,2020-21,29,0.5383659290650784
Fulham,2020-21,30,0.4716729001509319
Liverpool,2020-21,31,0.6223080338501635
Man City,2020-21,32,0.6648046974670736
West Brom,2020-21,33,0.4619729862457739
Everton,2020-21,34,0.5694118175839217
Man Utd,2020-21,35,0.5486572426266322
Crystal Palace,2020-21,36,0.553765559615606
Spurs,2020-21,37,0.5817572922019191
Chelsea,2020-21,38,0.5708936870167675
Watford,2021-22,1,0.4802088444978853
Newcastle,2021-22,2,0.4806036766254875
Brentford,2021-22,3,0.5444906402182897
Chelsea,2021-22,4,0.5382835785094576
Everton,2021-22,5,0.542775168376765
Man Utd,2021-22,6,0.5517886950007997
Spurs,2021-22,7,0.5142062997242206
Wolves,2021-22,8,0.5601076575232458
Arsenal,2021-22,9,0.5414027502926163
West Ham,2021-22,10,0.5184386492905076
Southampton,2021-22,11,0.574411954050178
Brighton,2021-22,12,0.5389631770477398
Watford,2018-19,1,0.46840214872306124
Man Utd,2018-19,2,0.527053898563266
Liverpool,2018-19,3,0.6053232025465387
Fulham,2018-19,4,0.427577446917395
Southampton,2018-19,5,0.5385811111160309
Spurs,2018-19,6,0.5321805213890384
Man City,2018-19,7,0.661041231218183
West Ham,2018-19,8,0.5197079926816311
Newcastle,2018-19,9,0.44594017155930016
Wolves,2018-19,10,0.5582726255292932
Everton,2018-19,11,0.4791573175708107
West Brom,2018-19,12,0.4210394807518797
Leicester,2018-19,13,0.552207165072204
Fulham,2018-19,14,0.43992583552626296
Crystal Palace,2018-19,15,0.5289674783601354
Burnley,2018-19,16,0.49015743785457916
Chelsea,2018-19,17,0.5337132274463738
Newcastle,2018-19,18,0.434724462646276
Arsenal,2018-19,19,0.5578162023591272
Everton,2018-19,20,0.5390231271165136
West Ham,2018-19,21,0.49035107004119594
Liverpool,2018-19,22,0.6361804091938458
Man Utd,2018-19,23,0.5286034620474318
Fulham,2018-19,24,0.45074933340844014
Watford,2018-19,25,0.5449404062460855
Burnley,2018-19,26,0.5703793693626552
Leicester,2018-19,28,0.5985824312498684
West Brom,2018-19,29,0.5142456069146754
Crystal Palace,2018-19,30,0.5731584455971559
Southampton,2018-19,32,0.576105588564378
West Brom,2018-19,34,0.4803610511577232
Spurs,2018-19,35,0.6112207848328076
Newcastle,2018-19,36,0.5195019641435468
Arsenal,2018-19,37,0.6068024522848274
Man City,2018-19,38,0.7217195658940103
Sheffield Utd,2019-20,1,0.5593142540571034
Aston Villa,2019-20,2,0.577210606983154
Man City,2019-20,3,0.700598055592887
Leicester,2019-20,4,0.5999407976751846
Everton,2019-20,5,0.5603511749798399
Southampton,2019-20,6,0.5928050474406285
West Ham,2019-20,7,0.5100086145307419
Arsenal,2019-20,8,0.5550299165314035
Norwich,2019-20,9,0.5104737928188381
Watford,2019-20,10,0.535184499120095
Man Utd,2019-20,11,0.5617242798785848
Newcastle,2019-20,12,0.4636339399195044
Wolves,2019-20,13,0.584881629318538
Spurs,2019-20,14,0.6058703936080703
Crystal Palace,2019-20,15,0.5620678652562158
Liverpool,2019-20,16,0.7032070360084542
Chelsea,2019-20,17,0.6308760789102327
Burnley,2019-20,18,0.5991886978646304
Arsenal,2019-20,19,0.6145707284521135
Brighton,2019-20,20,0.5347418497940333
West Ham,2019-20,21,0.5676898348080919
Watford,2019-20,22,0.5917888175334747
Norwich,2019-20,23,0.5795512840511345
Brighton,2019-20,24,0.5966427512525238
Aston Villa,2019-20,25,0.6073578912834828
Sheffield Utd,2019-20,26,0.5856806613189542
Burnley,2019-20,27,0.6431378558596331
Chelsea,2019-20,28,0.6393574385581908
Liverpool,2019-20,29,0.7357788441713992
Chelsea,2020-21,1,0.6098813199385623
Newcastle,2020-21,2,0.5498252320651547
Man Utd,2020-21,3,0.5840580981918513
Everton,2020-21,4,0.5729708810081051
Crystal Palace,2020-21,5,0.6136645191916984
West Brom,2020-21,6,0.5421222801977076
Spurs,2020-21,7,0.6605098713221073
Burnley,2020-21,8,0.6595466522164155
Aston Villa,2020-21,9,0.5882854329564366
Liverpool,2020-21,10,0.7260362201844016
Southampton,2020-21,11,0.6096729458238348
Leicester,2020-21,12,0.6493934407913435
Fulham,2020-21,13,0.5344497643597569
Sheffield Utd,2020-21,14,0.6087198246434028
West Ham,2020-21,15,0.5900910425644272
Arsenal,2020-21,16,0.6284367895584863
Wolves,2020-21,17,0.6585469651493406
Man City,2020-21,18,0.75440002833721
Leeds,2020-21,19,0.6044972103856021
Fulham,2020-21,20,0.5225849367573423
Spurs,2020-21,21,0.6616530804062121
Liverpool,2020-21,22,0.7079470667606806
Burnley,2020-21,23,0.6016049727808065
Aston Villa,2020-21,24,0.5162629481249738
Crystal Palace,2020-21,25,0.5563808527369054
West Brom,2020-21,26,0.5012575050465448
Leicester,2020-21,27,0.6429281710688746
Southampton,2020-21,28,0.6244032046318608
Newcastle,2020-21,29,0.5062395425893758
Man Utd,2020-21,30,0.5697069914395507
Everton,2020-21,31,0.5592484039386827
Chelsea,2020-21,32,0.6009374020855438
Sheffield Utd,2020-21,33,0.5662118460857529
Leeds,2020-21,34,0.5527205591576057
Wolves,2020-21,35,0.6087320224308651
West Ham,2020-21,36,0.5584403920493688
Man City,2020-21,37,0.7331139121239906
Arsenal,2020-21,38,0.5910724323232301
Arsenal,2021-22,1,0.5467212021944133
Crystal Palace,2021-22,2,0.49433045409161974
Aston Villa,2021-22,3,0.44071604598963654
Brighton,2021-22,4,0.43192261150588007
Wolves,2021-22,5,0.5554794919411392
Liverpool,2021-22,6,0.6028950396528429
West Ham,2021-22,7,0.4608467633244374
Chelsea,2021-22,8,0.49484686472510947
Leicester,2021-22,9,0.5554351456867549
Burnley,2021-22,10,0.5349468019851623
Norwich,2021-22,11,0.48009957537047593
Newcastle,2021-22,12,0.4391737526713961
Southampton,2018-19,1,0.5123710999996143
Watford,2018-19,2,0.492748121476969
Fulham,2018-19,3,0.4337983069151654
Man Utd,2018-19,4,0.5487516856730565
Wolves,2018-19,5,0.5800698904331075
Newcastle,2018-19,6,0.470316862442926
West Brom,2018-19,7,0.4856022678812343
Man City,2018-19,9,0.6739335896141453
Chelsea,2018-19,10,0.5760083166978678
West Ham,2018-19,11,0.5136539400754928
Leicester,2018-19,12,0.6432161185039964
Crystal Palace,2018-19,14,0.5693453263690671
Liverpool,2018-19,15,0.6786458880851478
Brighton,2018-19,16,0.5428194306294833
Spurs,2018-19,17,0.6102336388279127
Arsenal,2018-19,18,0.606281627641779
Everton,2018-19,19,0.5689510008920025
West Ham,2018-19,20,0.5778706995302274
Fulham,2018-19,22,0.5193618720488432
Watford,2018-19,23,0.5760713327157212
Man Utd,2018-19,24,0.5968873877195233
Southampton,2018-19,25,0.5754224153979451
Brighton,2018-19,26,0.5079039314875667
Spurs,2018-19,27,0.6033880516908863
Crystal Palace,2018-19,29,0.5522614263289931
Liverpool,2018-19,30,0.6609589127511546
Leicester,2018-19,31,0.6290178382040319
Wolves,2018-19,32,0.6106152594544014
Newcastle,2018-19,33,0.4469076872751571
Chelsea,2018-19,35,0.5832504232512428
Man City,2018-19,36,0.6840472964971996
Everton,2018-19,37,0.5330255444187311
Arsenal,2018-19,38,0.5941682998275758
Watford,2019-20,1,0.5737540261009771
West Ham,2019-20,2,0.5135979335591017
Southampton,2019-20,3,0.5614117331963905
Man City,2019-20,4,0.7202175744236037
Burnley,2019-20,5,0.620894538383368
Newcastle,2019-20,6,0.4574437346220005
Chelsea,2019-20,7,0.6170121143114269
Spurs,2019-20,8,0.6193143980690687
Aston Villa,2019-20,9,0.5211984351606124
Everton,2019-20,10,0.5835882364127754
Norwich,2019-20,11,0.5444249660002646
Man Utd,2019-20,12,0.5728541506982109
Leicester,2019-20,13,0.6431907407151898
Liverpool,2019-20,14,0.6910942703046357
Arsenal,2019-20,15,0.6275221847246135
Wolves,2019-20,16,0.5889942291764575
Crystal Palace,2019-20,17,0.5901573475526817
Sheffield Utd,2019-20,18,0.559890628622827
Spurs,2019-20,19,0.5873234365786074
Newcastle,2019-20,20,0.4671321673708262
Chelsea,2019-20,21,0.6216072059067668
Everton,2019-20,22,0.5507777616597821
Aston Villa,2019-20,23,0.5449513098534153
Newcastle,2019-20,24,0.44851327544808856
West Ham,2019-20,25,0.5489410140584958
Watford,2019-20,26,0.5751735647922511
Sheffield Utd,2019-20,27,0.602892908345631
Crystal Palace,2019-20,28,0.6125767156709376
Wolves,2019-20,29,0.619597790859444
Leicester,2020-21,2,0.659267386533804
Southampton,2020-21,3,0.5956181577661853
Newcastle,2020-21,4,0.47791308896397816
West Brom,2020-21,5,0.5305110962898572
Spurs,2020-21,6,0.631364013167401
Chelsea,2020-21,7,0.6612199613729811
Brighton,2020-21,8,0.5517742143046078
Crystal Palace,2020-21,9,0.6575203325648344
Man City,2020-21,10,0.753997054364937
Everton,2020-21,11,0.6086302963151232
Arsenal,2020-21,12,0.6365457071125294
Aston Villa,2020-21,13,0.555676334952139
Wolves,2020-21,14,0.6081142745349295
Leeds,2020-21,15,0.5191580585951581
Sheffield Utd,2020-21,16,0.5960691390462661
Man Utd,2020-21,18,0.6026639588028756
Liverpool,2020-21,19,0.7047847715782408
Aston Villa,2020-21,20,0.5230183835833501
Chelsea,2020-21,21,0.6040367710806358
Man City,2020-21,22,0.7213535928803567
Brighton,2020-21,23,0.4887817937324068
Fulham,2020-21,24,0.4796439986490199
West Brom,2020-21,25,0.48837426981100585
Spurs,2020-21,26,0.6035239480456647
Arsenal,2020-21,27,0.5882705946901926
Everton,2020-21,28,0.5685863537211185
Southampton,2020-21,30,0.5857992142458578
Newcastle,2020-21,31,0.4714467531390292
Man Utd,2020-21,32,0.6289962954695368
Wolves,2020-21,33,0.5973432247840512
West Ham,2020-21,34,0.5326539772479374
Fulham,2020-21,35,0.5077155319280239
Leeds,2020-21,36,0.5383365208395998
Liverpool,2020-21,37,0.6966376278283489
Sheffield Utd,2020-21,38,0.5926242851883047
Burnley,2021-22,1,0.63333269141015
Watford,2021-22,2,0.5576808687984951
Everton,2021-22,3,0.5387171731595896
Brentford,2021-22,4,0.5829547390335028
Leicester,2021-22,5,0.6564073967087022
Crystal Palace,2021-22,6,0.5575425729319311
Arsenal,2021-22,7,0.5460802549629863
Norwich,2021-22,8,0.4980660107743531
Man City,2021-22,9,0.7107585450423818
Liverpool,2021-22,10,0.6631376396919675
Newcastle,2021-22,11,0.45563559550350596
Aston Villa,2021-22,12,0.4881839103985609
Newcastle,2018-19,1,0.4240295382853352
Newcastle,2018-19,2,0.45670093647855353
Arsenal,2018-19,4,0.5316667415738259
Chelsea,2018-19,5,0.6072077561973404
Man City,2018-19,6,0.7278795423618044
Burnley,2018-19,7,0.5788530768567047
Spurs,2018-19,8,0.6167797071474757
Fulham,2018-19,9,0.480087879492556
Liverpool,2018-19,10,0.6781774747645082
Leicester,2018-19,11,0.6551394786771402
Brighton,2018-19,12,0.5092671985587606
Everton,2018-19,13,0.5610206440776123
Wolves,2018-19,14,0.5675733457112977
West Ham,2018-19,15,0.533538629407942
Southampton,2018-19,16,0.617805838765025
Watford,2018-19,17,0.5270072369486645
Man Utd,2018-19,18,0.6297975756303087
Crystal Palace,2018-19,19,0.6025294312520973
Leicester,2018-19,20,0.6716212318059007
Spurs,2018-19,21,0.6230965906639722
Newcastle,2018-19,23,0.5103431083149944
Arsenal,2018-19,24,0.6087757250844235
Newcastle,2018-19,25,0.5496278968835193
Southampton,2018-19,26,0.6052691321466146
Watford,2018-19,27,0.5454700043889011
Everton,2018-19,28,0.5831552723838738
Wolves,2018-19,29,0.5606892042514642
West Ham,2018-19,30,0.5845130976660327
Man City,2018-19,32,0.7637184317596711
Burnley,2018-19,34,0.627237177018659
Liverpool,2018-19,35,0.7194774285535541
Fulham,2018-19,36,0.5003680992147505
Crystal Palace,2018-19,37,0.6388717524762516
Man Utd,2018-19,38,0.695175110350394
Southampton,2019-20,1,0.614510353167067
Arsenal,2019-20,2,0.6240447353334675
Wolves,2019-20,3,0.5853954784441627
Liverpool,2019-20,4,0.723393897888048
Brighton,2019-20,5,0.5200231097011887
Norwich,2019-20,6,0.5717599447582123
Aston Villa,2019-20,7,0.5554029842416747
Everton,2019-20,8,0.6057903322469228
Leicester,2019-20,9,0.6459380030617627
Chelsea,2019-20,10,0.6614257195471753
Sheffield Utd,2019-20,11,0.5983666721963322
West Ham,2019-20,12,0.5689635114490301
Watford,2019-20,13,0.5802251025032081
Crystal Palace,2019-20,14,0.5964485328489167
Man City,2019-20,15,0.7659205476886887
Spurs,2019-20,16,0.6578085566288897
Newcastle,2019-20,17,0.5344244349733733
Newcastle,2019-20,18,0.503714970923933
Everton,2019-20,19,0.5688414496663993
Man Utd,2019-20,20,0.6281717949151594
Aston Villa,2019-20,21,0.554639662661487
Chelsea,2019-20,22,0.6896654202523358
Leicester,2019-20,23,0.6917700418249
Man Utd,2019-20,24,0.6496174255102742
Arsenal,2019-20,25,0.6184698663033064
Southampton,2019-20,26,0.5607482012344219
Newcastle,2019-20,27,0.4614999978886103
Newcastle,2019-20,28,0.4352236555236558
Spurs,2019-20,29,0.6257344276902781
Brighton,2020-21,1,0.4158779018809701
Liverpool,2020-21,2,0.636365127040162
West Brom,2020-21,3,0.4280001049153607
Crystal Palace,2020-21,4,0.5430066550365527
Southampton,2020-21,5,0.46201441808229543
Man Utd,2020-21,6,0.5316166761744935
Burnley,2020-21,7,0.5369811581283868
Sheffield Utd,2020-21,8,0.4926347176324117
Newcastle,2020-21,9,0.3577591553844332
Spurs,2020-21,10,0.5296768852975071
Leeds,2020-21,11,0.42461047874753666
Everton,2020-21,12,0.44892134357890334
Wolves,2020-21,13,0.4332764942754772
West Ham,2020-21,14,0.4182399015975236
Arsenal,2020-21,15,0.4982869485786321
Aston Villa,2020-21,16,0.4463989929086957
Man City,2020-21,17,0.6839254792253334
Fulham,2020-21,19,0.38639589291868764
Wolves,2020-21,20,0.46746669032112037
Burnley,2020-21,21,0.5036165025850189
Spurs,2020-21,22,0.5362538310769478
Sheffield Utd,2020-21,23,0.4462129457029428
Newcastle,2020-21,24,0.3206575915774754
Southampton,2020-21,25,0.3948322628028609
Man Utd,2020-21,26,0.46295502232823377
Everton,2020-21,27,0.4518749413039447
Leeds,2020-21,28,0.37632350558645467
West Brom,2020-21,30,0.3460274283952297
Crystal Palace,2020-21,31,0.45564628807702373
Brighton,2020-21,32,0.32616082734548346
West Ham,2020-21,33,0.3650996154290127
Fulham,2020-21,34,0.31511343942184444
Man City,2020-21,35,0.6315852170982438
Leicester,2020-21,37,0.4551315399807297
Aston Villa,2020-21,38,0.35497566633183647
Brighton,2021-22,1,0.4450582781655668
Liverpool,2021-22,2,0.7026989232419687
Leeds,2021-22,3,0.5322489685831394
Everton,2021-22,4,0.5791439443656162
Arsenal,2021-22,5,0.6298774665005946
Leicester,2021-22,6,0.6385449958151885
Norwich,2021-22,7,0.5310628326053292
Man City,2021-22,8,0.7641341621574207
Southampton,2021-22,9,0.5657449473398639
Brentford,2021-22,10,0.5810155295183443
Chelsea,2021-22,11,0.6672712348936961
Crystal Palace,2021-22,12,0.5748115102540156
Fulham,2018-19,1,0.2891060286298183
Arsenal,2018-19,2,0.4511763790211359
Newcastle,2018-19,3,0.2655062447489588
Newcastle,2018-19,4,0.2537562356693732
West Brom,2018-19,5,0.31161421858175564
West Ham,2018-19,6,0.28794574312036764
Liverpool,2018-19,7,0.5199816707457313
Southampton,2018-19,8,0.3342536640726317
Man Utd,2018-19,9,0.38668225122239536
Burnley,2018-19,10,0.36738254081317373
Crystal Palace,2018-19,11,0.348175683814263
Everton,2018-19,12,0.3572402440785846
Spurs,2018-19,13,0.39546897826616445
Wolves,2018-19,15,0.34998151416646867
Man City,2018-19,16,0.5834355858792407
Brighton,2018-19,17,0.2841969770404264
Leicester,2018-19,18,0.39363571276835574
Watford,2018-19,19,0.3407782235261614
Crystal Palace,2018-19,20,0.35076453942181696
Southampton,2018-19,21,0.31342959019831823
Newcastle,2018-19,22,0.23396902223038707
Arsenal,2018-19,23,0.3928254129930697
Newcastle,2018-19,24,0.23685431773204016
Man City,2018-19,26,0.5774546183240274
Spurs,2018-19,28,0.4702630884546427
Fulham,2018-19,29,0.2686235404465417
Wolves,2018-19,30,0.38621327996914734
Everton,2018-19,31,0.40353317771293457
Brighton,2018-19,32,0.3097421735543419
West Ham,2018-19,33,0.3200589480432097
Liverpool,2018-19,34,0.535906702720403
Burnley,2018-19,35,0.3921256970842465
Man Utd,2018-19,36,0.43158313019155764
Watford,2018-19,37,0.3589781093075929
Leicester,2018-19,38,0.4465786962172589
Man Utd,2019-20,1,0.4268242897771229
Leicester,2019-20,2,0.46599907435923194
Norwich,2019-20,3,0.34874094048610643
Sheffield Utd,2019-20,4,0.380991998948037
Wolves,2019-20,5,0.4112278388641715
Liverpool,2019-20,6,0.5577323908961977
Brighton,2019-20,7,0.3049328229322328
Southampton,2019-20,8,0.3573154789892823
Newcastle,2019-20,9,0.26656753361451374
Burnley,2019-20,10,0.37736351036209265
Watford,2019-20,11,0.3187199441921944
Crystal Palace,2019-20,12,0.3378714746078658
Man City,2019-20,13,0.5482065819002173
West Ham,2019-20,14,0.285859753179745
Aston Villa,2019-20,15,0.3669913262401312
Everton,2019-20,16,0.4074913599731257
Spurs,2019-20,18,0.4429413820201389
Southampton,2019-20,19,0.3296349046346279
Arsenal,2019-20,20,0.4529008205429914
Brighton,2019-20,21,0.2787323432896761
Burnley,2019-20,22,0.3767124323185382
Newcastle,2019-20,23,0.2542287730989969
Arsenal,2019-20,24,0.44391764015666024
Leicester,2019-20,25,0.45795592128865026
Man Utd,2019-20,26,0.45158324610218636
Spurs,2019-20,27,0.45914437465682484
Everton,2019-20,29,0.4565261399324166
Southampton,2020-21,1,0.4839945129476353
Man Utd,2020-21,2,0.5689228790642945
Everton,2020-21,3,0.5264558039854592
Chelsea,2020-21,4,0.5852455698983889
Brighton,2020-21,5,0.40115412683253726
Fulham,2020-21,6,0.37183324894887154
Wolves,2020-21,7,0.4996998211184928
Leeds,2020-21,8,0.47193852905005995
Burnley,2020-21,9,0.4810318401392869
Newcastle,2020-21,10,0.39742215401174336
West Brom,2020-21,11,0.46150404463868216
Spurs,2020-21,12,0.553149308780519
West Ham,2020-21,13,0.4539301317030168
Liverpool,2020-21,14,0.6928978722028587
Aston Villa,2020-21,15,0.5048999983643935
Leicester,2020-21,16,0.6048797161935583
Sheffield Utd,2020-21,17,0.5264305519017006
Arsenal,2020-21,18,0.575548821505012
Man City,2020-21,19,0.723580701301931
West Ham,2020-21,20,0.46719844363950125
Wolves,2020-21,21,0.5594624144443157
Newcastle,2020-21,22,0.4275912787718041
Leeds,2020-21,23,0.4612394950113347
Burnley,2020-21,24,0.5278572580983114
Brighton,2020-21,25,0.4414253279349452
Spurs,2020-21,27,0.5652595786701333
West Brom,2020-21,28,0.46126488867279075
Everton,2020-21,30,0.5897022020849672
Chelsea,2020-21,31,0.6293764391795108
Leicester,2020-21,33,0.6003114138997672
Man City,2020-21,34,0.7529692001036902
Southampton,2020-21,35,0.517019607746881
Aston Villa,2020-21,36,0.5638153824448016
Arsenal,2020-21,37,0.6050757036492999
Liverpool,2020-21,38,0.7398195724842667
Crystal Palace,2021-22,1,0.35907647023299955
Arsenal,2021-22,2,0.4367467562941527
Liverpool,2021-22,3,0.5628490851364985
Aston Villa,2021-22,4,0.341372749654046
Spurs,2021-22,5,0.39740316473836695
Man City,2021-22,6,0.5727329461938486
Southampton,2021-22,7,0.3305981238412098
Brentford,2021-22,8,0.3204323558281264
Norwich,2021-22,9,0.27847599529808437
Newcastle,2021-22,10,0.2392059122695964
Burnley,2021-22,11,0.33390835909026906
Leicester,2021-22,12,0.397142193745991
Liverpool,2018-19,2,0.7498296538743593
Watford,2018-19,3,0.5221494110246434
Southampton,2018-19,4,0.5586241618657041
Fulham,2018-19,5,0.45735904547044437
Newcastle,2018-19,7,0.4749505896059683
Wolves,2018-19,8,0.607968270653966
Everton,2018-19,9,0.6710372577085594
Arsenal,2018-19,10,0.6732010109866184
Chelsea,2018-19,11,0.7233110565077886
Spurs,2018-19,12,0.662407550313461
Man Utd,2018-19,13,0.6895207280018378
Burnley,2018-19,14,0.6485826531159438
Brighton,2018-19,15,0.503140516336571
West Ham,2018-19,16,0.5866172473108936
Leicester,2018-19,17,0.696808623733382
Man City,2018-19,18,0.8162274787539749
West Brom,2018-19,19,0.50544389548119
Chelsea,2018-19,20,0.7103338474489197
Wolves,2018-19,21,0.618818392285091
Watford,2018-19,22,0.546532661702015
Liverpool,2018-19,23,0.777389130064282
Southampton,2018-19,24,0.5871552860616941
Fulham,2018-19,25,0.4455513823851331
West Ham,2018-19,26,0.561923770311491
Leicester,2018-19,27,0.6338070132137662
Man Utd,2018-19,28,0.624350715141212
Burnley,2018-19,29,0.5830259570606932
Brighton,2018-19,30,0.46863534967133424
Spurs,2018-19,32,0.6273983301617094
Man City,2018-19,34,0.7826428156650712
Arsenal,2018-19,35,0.6435389386438358
Everton,2018-19,36,0.6462362450285251
West Brom,2018-19,37,0.4833389128737658
Newcastle,2018-19,38,0.4613397486285394
Everton,2019-20,1,0.6130387336322745
Sheffield Utd,2019-20,2,0.5228812867912673
Man Utd,2019-20,3,0.6221670400908996
Aston Villa,2019-20,4,0.5117452825589169
Spurs,2019-20,5,0.5850584203971428
Wolves,2019-20,6,0.5357221196360037
Norwich,2019-20,7,0.46379817008595947
West Ham,2019-20,8,0.49222887393840137
Man City,2019-20,9,0.726404983827858
Arsenal,2019-20,10,0.5482102908087085
Leicester,2019-20,11,0.5446534484675604
Chelsea,2019-20,12,0.6587519361608672
Liverpool,2019-20,13,0.7366254582869565
Burnley,2019-20,14,0.5307899897921319
Newcastle,2019-20,15,0.41840049903594445
Watford,2019-20,16,0.4911223588598495
Brighton,2019-20,17,0.4377372294585623
West Ham,2019-20,19,0.47563573389788616
Southampton,2019-20,20,0.48585017232327465
Norwich,2019-20,21,0.42195268879290265
Arsenal,2019-20,22,0.5397013735865045
Man City,2019-20,23,0.7322629449830111
Southampton,2019-20,24,0.4810885683248834
Sheffield Utd,2019-20,25,0.508917623129157
Everton,2019-20,26,0.5938171877549322
Brighton,2019-20,28,0.4629613074613287
Watford,2019-20,29,0.5019962497812328
Spurs,2020-21,1,0.5774331275787934
West Brom,2020-21,2,0.3857325287806372
Crystal Palace,2020-21,3,0.4439848463583231
Brighton,2020-21,4,0.3749814750776044
Liverpool,2020-21,5,0.6733323555815266
Southampton,2020-21,6,0.4439364517562061
Newcastle,2020-21,7,0.3456555860191016
Man Utd,2020-21,8,0.5328778827972281
Fulham,2020-21,9,0.33280038041148324
Leeds,2020-21,10,0.45457506369416956
Burnley,2020-21,11,0.47352780569973874
Chelsea,2020-21,12,0.6459966760941036
Leicester,2020-21,13,0.5284762250945406
Arsenal,2020-21,14,0.49986027091773994
Sheffield Utd,2020-21,15,0.46284467177751476
West Ham,2020-21,17,0.3864159121528418
Wolves,2020-21,18,0.4581643565645354
Leicester,2020-21,20,0.47487118949761487
Newcastle,2020-21,21,0.34717470430382186
Leeds,2020-21,22,0.44925737312181485
Man Utd,2020-21,23,0.5162339898207947
Liverpool,2020-21,25,0.6682646321929538
Southampton,2020-21,26,0.44493509788767327
Chelsea,2020-21,27,0.5486593614836398
Burnley,2020-21,28,0.4061776834980044
Crystal Palace,2020-21,30,0.40582925029440836
Brighton,2020-21,31,0.35497721936853255
Spurs,2020-21,32,0.5143214918187082
Arsenal,2020-21,33,0.4728934535486261
Aston Villa,2020-21,34,0.40263414658296054
Aston Villa,2020-21,35,0.4361129121889724
Sheffield Utd,2020-21,36,0.4567648283528164
Wolves,2020-21,37,0.4634438387792202
Man City,2020-21,38,0.6919567080627214
Chelsea,2021-22,1,0.6501337930197452
Brentford,2021-22,2,0.4917666703599479
West Ham,2021-22,3,0.4840223864433568
Spurs,2021-22,4,0.5801191321679182
Liverpool,2021-22,5,0.6992935315012222
Brighton,2021-22,6,0.41863041197382794
Leicester,2021-22,7,0.5476717502598514
Arsenal,2021-22,8,0.519488379933809
Newcastle,2021-22,9,0.4309509442116392
Man City,2021-22,10,0.7427958729371733
Wolves,2021-22,11,0.4693106087927129
Burnley,2021-22,12,0.47251748218679895
Wolves,2018-19,1,0.43247396404763483
Southampton,2018-19,2,0.4742035469823044
West Ham,2018-19,5,0.4231158656395852
Arsenal,2018-19,6,0.4801884801354365
Fulham,2018-19,7,0.3216503635454533
Leicester,2018-19,8,0.5120147767852793
Crystal Palace,2018-19,9,0.42685258212514654
Man Utd,2018-19,10,0.5199725449248348
Brighton,2018-19,11,0.37749383810704074
Chelsea,2018-19,12,0.6097297035119175
West Brom,2018-19,13,0.3467170204672781
Liverpool,2018-19,14,0.6538478293506099
Newcastle,2018-19,15,0.3754311359001784
Watford,2018-19,16,0.4207509359470063
Man City,2018-19,17,0.6795241431230636
Spurs,2018-19,18,0.5118325308219048
Burnley,2018-19,19,0.4756000474726643
Brighton,2018-19,20,0.3686505936519631
Leicester,2018-19,21,0.503657706726935
Southampton,2018-19,23,0.4898557915235257
Watford,2018-19,26,0.4813741560873139
West Brom,2018-19,28,0.4101359292511616
Liverpool,2018-19,29,0.7268228468176536
Newcastle,2018-19,30,0.43588065944371307
Chelsea,2018-19,31,0.673165936173015
West Ham,2018-19,32,0.4902162128867959
Arsenal,2018-19,33,0.5155306159265686
Fulham,2018-19,34,0.30558480341248645
Man Utd,2018-19,35,0.5799709760624221
Crystal Palace,2018-19,36,0.432341068774614
Burnley,2018-19,37,0.46514934171376976
Spurs,2018-19,38,0.5297137485624258
Crystal Palace,2019-20,1,0.4222118317629044
Watford,2019-20,2,0.4541665521036422
Aston Villa,2019-20,3,0.441493357594111
Wolves,2019-20,4,0.44097594692938186
Newcastle,2019-20,5,0.404414456528256
Sheffield Utd,2019-20,6,0.4946021860406079
Man City,2019-20,7,0.7179601175751142
Burnley,2019-20,8,0.4698543398126865
West Ham,2019-20,9,0.485774763735312
Brighton,2019-20,10,0.4206261808855312
Spurs,2019-20,11,0.5777125352174688
Southampton,2019-20,12,0.522783131397496
Norwich,2019-20,13,0.42602532460899883
Leicester,2019-20,14,0.5517780443973752
Liverpool,2019-20,15,0.7333660273196628
Chelsea,2019-20,16,0.6673497488907243
Man Utd,2019-20,17,0.5850599006379995
Arsenal,2019-20,18,0.5253006746126511
Burnley,2019-20,19,0.500456937187339
Man City,2019-20,21,0.731689612396697
Brighton,2019-20,22,0.4442788535947823
West Ham,2019-20,23,0.45258458663953505
Watford,2019-20,25,0.4684012017022239
Crystal Palace,2019-20,26,0.44025146718866587
Arsenal,2019-20,27,0.47961968716621084
Man Utd,2019-20,28,0.5508145851656094
Chelsea,2019-20,29,0.6003406622472222
Arsenal,2020-21,1,0.5205842389745269
Leeds,2020-21,2,0.4885964199889894
Aston Villa,2020-21,3,0.5261155667657283
Wolves,2020-21,4,0.49441188453613205
Sheffield Utd,2020-21,5,0.584826783097672
Crystal Palace,2020-21,6,0.4948996661510399
West Brom,2020-21,7,0.4365617760599598
West Ham,2020-21,8,0.511266585736602
Everton,2020-21,9,0.6473365893317312
Leicester,2020-21,10,0.6227097630837339
Man City,2020-21,11,0.7805490448019519
Liverpool,2020-21,12,0.7660320972248538
Brighton,2020-21,13,0.48089669548142205
Newcastle,2020-21,14,0.5190403567115024
Southampton,2020-21,15,0.5501950920869317
Spurs,2020-21,18,0.613054067550163
Man Utd,2020-21,19,0.6149647642429058
Brighton,2020-21,20,0.4878249646635902
West Brom,2020-21,21,0.4233851073633992
Leicester,2020-21,22,0.5958209782666518
West Ham,2020-21,23,0.5506883690422281
Sheffield Utd,2020-21,25,0.6052177013475937
Liverpool,2020-21,27,0.7561278682966005
Man City,2020-21,28,0.7700336506856327
Leeds,2020-21,29,0.5371921299574052
Aston Villa,2020-21,30,0.5718269864670431
Wolves,2020-21,31,0.5401100301040238
Arsenal,2020-21,32,0.6187123449061158
Chelsea,2020-21,34,0.6975622388902757
Burnley,2020-21,35,0.559437565582784
Southampton,2020-21,36,0.5912843265072371
Man Utd,2020-21,37,0.6796156453503437
Newcastle,2020-21,38,0.5675316532479809
Southampton,2021-22,1,0.4984962031192187
Leeds,2021-22,2,0.48749910558145676
Brighton,2021-22,3,0.40671919744642665
Burnley,2021-22,4,0.4539305041130371
Aston Villa,2021-22,5,0.4838392207843488
Norwich,2021-22,6,0.41441825123450293
Man Utd,2021-22,7,0.5296151929825617
West Ham,2021-22,8,0.4304152331862598
Watford,2021-22,9,0.4338431194244492
Wolves,2021-22,10,0.47507772388870106
Spurs,2021-22,11,0.561841137512805
Man City,2021-22,12,0.7509790819063804
Crystal Palace,2018-19,1,0.5781601884842776
Spurs,2018-19,2,0.677900650658585
Burnley,2018-19,3,0.6106100759800112
Brighton,2018-19,4,0.5362974706148228
Man City,2018-19,5,0.8326962806723257
Watford,2018-19,6,0.6008714794135566
Everton,2018-19,7,0.7068410537287585
Arsenal,2018-19,8,0.6617336235530881
West Brom,2018-19,9,0.5035675626281041
Newcastle,2018-19,10,0.6271561373396962
Fulham,2018-19,11,0.5067983006007332
Liverpool,2018-19,12,0.8228646997020761
Southampton,2018-19,13,0.6690466356032576
Chelsea,2018-19,14,0.7727641258157374
Leicester,2018-19,15,0.7040223285779741
Man Utd,2018-19,16,0.721405370391716
West Ham,2018-19,17,0.6586212412869603
Wolves,2018-19,19,0.6772024875485413
Fulham,2018-19,20,0.5343890762332008
Arsenal,2018-19,21,0.6987327181249552
Burnley,2018-19,22,0.6253879251951013
Spurs,2018-19,23,0.7299439982405924
Brighton,2018-19,24,0.6031694757068924
Crystal Palace,2018-19,25,0.6427043255368491
Man Utd,2018-19,26,0.7414593594566942
West Ham,2018-19,27,0.6822648053830236
Southampton,2018-19,28,0.6657201815441732
Chelsea,2018-19,29,0.8065427852763378
Leicester,2018-19,30,0.7343296894128347
Liverpool,2018-19,31,0.8494189184858111
Everton,2018-19,34,0.7915863813635825
Newcastle,2018-19,35,0.6819286190593672
West Brom,2018-19,36,0.5621165611725715
Wolves,2018-19,37,0.6592340176313773
Wolves,2019-20,1,0.49985899489988866
Chelsea,2019-20,2,0.6424801830897652
Sheffield Utd,2019-20,3,0.50498731846277
Newcastle,2019-20,4,0.4419401508833943
Man Utd,2019-20,5,0.5495651726680676
Spurs,2019-20,6,0.5487578219192351
Newcastle,2019-20,7,0.41426245808602574
Liverpool,2019-20,8,0.6561680329093389
Burnley,2019-20,9,0.42498928333406094
Southampton,2019-20,10,0.4275764603660703
Crystal Palace,2019-20,11,0.41760538924471824
Arsenal,2019-20,12,0.47663485300488007
Brighton,2019-20,13,0.31345481702512
Everton,2019-20,14,0.4818352191781728
Watford,2019-20,15,0.3623911929324706
Aston Villa,2019-20,16,0.41934499274893455
Norwich,2019-20,17,0.3054733040637801
Man City,2019-20,18,0.6486912114572594
Liverpool,2019-20,19,0.6000336642080848
West Ham,2019-20,20,0.39972433803305146
Newcastle,2019-20,21,0.3269581682470175
Southampton,2019-20,22,0.34310510823302626
Burnley,2019-20,23,0.3468150030566468
West Ham,2019-20,24,0.4048088362833838
Chelsea,2019-20,25,0.5428124811243394
Wolves,2019-20,26,0.4004640893501583
Man City,2019-20,27,0.6829413457329983
Norwich,2019-20,28,0.3483070677007344
Aston Villa,2019-20,29,0.45648333126966084
West Brom,2020-21,1,0.28661082036614227
Burnley,2020-21,2,0.37830178868098574
Man City,2020-21,3,0.6870258002755945
West Ham,2020-21,4,0.3615095076343899
Aston Villa,2020-21,5,0.41053453301735104
Arsenal,2020-21,6,0.4491375418268954
Leeds,2020-21,7,0.40474133382870514
Wolves,2020-21,8,0.39312000016423493
Liverpool,2020-21,9,0.6049012114146856
Fulham,2020-21,10,0.24813405100420038
Sheffield Utd,2020-21,11,0.40609318693580393
Brighton,2020-21,12,0.29333265296794625
Everton,2020-21,13,0.4538824743804837
Spurs,2020-21,14,0.4576106541699336
Man Utd,2020-21,15,0.4868794414717665
Crystal Palace,2020-21,16,0.3624232117762775
Newcastle,2020-21,17,0.3304157663648486
Southampton,2020-21,19,0.3726312988609542
Everton,2020-21,20,0.456231392743951
Leeds,2020-21,21,0.37260893269755374
Fulham,2020-21,22,0.27049323916373286
Wolves,2020-21,23,0.38213783578152943
Liverpool,2020-21,24,0.6293052545999589
Aston Villa,2020-21,25,0.40510867072161993
Arsenal,2020-21,26,0.38681943080957215
Brighton,2020-21,27,0.2711105438635409
Sheffield Utd,2020-21,28,0.35874152774269896
Man City,2020-21,30,0.6370713089578227
West Ham,2020-21,31,0.37310758534116756
West Brom,2020-21,32,0.25884665030695464
Crystal Palace,2020-21,33,0.3563408763015921
Southampton,2020-21,34,0.3486614712696932
Chelsea,2020-21,37,0.5179357248188192
Spurs,2020-21,38,0.429428282470462
Wolves,2021-22,1,0.4030886808385246
West Ham,2021-22,2,0.4126111272511831
Norwich,2021-22,3,0.3665483045498059
Man City,2021-22,4,0.6824861549133044
Brighton,2021-22,5,0.28999556811063193
Burnley,2021-22,6,0.38952970002784754
Crystal Palace,2021-22,7,0.3953960662164209
Man Utd,2021-22,8,0.5319395564736824
Brentford,2021-22,9,0.3966733998269666
Arsenal,2021-22,10,0.45137523959135534
Leeds,2021-22,11,0.43657141968186286
Chelsea,2021-22,12,0.582755170688518
Chelsea,2018-19,1,0.6611298180565186
Man City,2018-19,2,0.7744489732438475
West Brom,2018-19,3,0.359583777417033
Everton,2018-19,4,0.5993907778806815
Crystal Palace,2018-19,5,0.47972655329916536
Leicester,2018-19,6,0.5721858395171904
Spurs,2018-19,7,0.5981795372296499
Burnley,2018-19,8,0.5157611488742945
Liverpool,2018-19,9,0.7526240823101442
Watford,2018-19,10,0.5206298344944795
West Ham,2018-19,12,0.6081776745126416
Wolves,2018-19,13,0.556589859163614
Brighton,2018-19,14,0.4435014784018845
Arsenal,2018-19,16,0.6269660903798011
Newcastle,2018-19,17,0.5011083519430399
Southampton,2018-19,18,0.5739130498943104
Man Utd,2018-19,19,0.6814395709000709
Burnley,2018-19,21,0.5785334598300133
West Brom,2018-19,22,0.47580895988913907
Man City,2018-19,23,0.8522666940191097
Everton,2018-19,24,0.702509657398991
Chelsea,2018-19,25,0.7842380841222185
Arsenal,2018-19,26,0.7059287204629124
Newcastle,2018-19,27,0.5905649570459437
Wolves,2018-19,28,0.6359338964299582
Brighton,2018-19,29,0.5553908557790367
West Ham,2018-19,31,0.68723585223981
Crystal Palace,2018-19,32,0.648410980872655
Leicester,2018-19,33,0.7219007736039311
Spurs,2018-19,34,0.7390026276416447
Watford,2018-19,35,0.6663053143793403
Liverpool,2018-19,36,0.8534350776679563
Man Utd,2018-19,37,0.7709997451829081
Southampton,2018-19,38,0.6860331472424408
Norwich,2019-20,1,0.440621833345772
Southampton,2019-20,2,0.4699986617864238
Arsenal,2019-20,3,0.5490117674546054
Burnley,2019-20,4,0.42962265895178364
Chelsea,2019-20,6,0.6259026982363698
Sheffield Utd,2019-20,7,0.40145060642169494
Leicester,2019-20,8,0.47668092206695584
Man Utd,2019-20,9,0.4828208111642857
Spurs,2019-20,10,0.47667918765733314
Aston Villa,2019-20,11,0.408682672770134
Man City,2019-20,12,0.6785131805544915
Crystal Palace,2019-20,13,0.3499627818645663
Brighton,2019-20,14,0.2786488122317359
Everton,2019-20,15,0.42640807459340696
Newcastle,2019-20,16,0.2852334716386419
Watford,2019-20,17,0.3103144690838761
Leicester,2019-20,19,0.3609594174418419
Wolves,2019-20,20,0.26799822336691187
Sheffield Utd,2019-20,21,0.2714552266957635
Spurs,2019-20,22,0.34933332239304876
Man Utd,2019-20,23,0.35922098430468485
Wolves,2019-20,24,0.2351710255404191
Southampton,2019-20,25,0.25075090120645444
Norwich,2019-20,26,0.2159686655019826
West Ham,2019-20,27,0.295551115825626
Watford,2019-20,28,0.23682317279319
Newcastle,2019-20,29,0.22578584634677698
Liverpool,2020-21,1,0.7180292401494247
Fulham,2020-21,2,0.3598982731431709
Sheffield Utd,2020-21,3,0.4510821777655775
Man City,2020-21,4,0.7499876129471544
Wolves,2020-21,5,0.41287446419282015
Aston Villa,2020-21,6,0.5012533837130659
Leicester,2020-21,7,0.5165457096141778
Crystal Palace,2020-21,8,0.4713075020892812
Arsenal,2020-21,9,0.5683295746937301
Everton,2020-21,10,0.5803856981642386
Chelsea,2020-21,11,0.6507120141281671
West Ham,2020-21,12,0.5310769081033939
Newcastle,2020-21,13,0.4424960336123095
Man Utd,2020-21,14,0.5714678420514222
Burnley,2020-21,15,0.4724849200632438
West Brom,2020-21,16,0.34910780819363985
Spurs,2020-21,17,0.5399857980834865
Brighton,2020-21,19,0.41066426943208584
Newcastle,2020-21,20,0.4360107015492205
Leicester,2020-21,21,0.5578213230450478
Everton,2020-21,22,0.548624074521
Crystal Palace,2020-21,23,0.497128769197103
Arsenal,2020-21,24,0.5477573495670977
Wolves,2020-21,25,0.4547297832008509
Aston Villa,2020-21,26,0.5113499169004561
West Ham,2020-21,27,0.5765116824421993
Chelsea,2020-21,28,0.7071055563549556
Fulham,2020-21,29,0.3792998892439578
Sheffield Utd,2020-21,30,0.46860484824370335
Man City,2020-21,31,0.766782893039896
Liverpool,2020-21,32,0.7187874525864001
Man Utd,2020-21,33,0.5690501129887126
Brighton,2020-21,34,0.40896865035428104
Spurs,2020-21,35,0.5644869055077835
Burnley,2020-21,36,0.4309439209186882
Southampton,2020-21,37,0.4351640138434609
West Brom,2020-21,38,0.3053592504815759
Man Utd,2021-22,1,0.532519831709659
Everton,2021-22,2,0.5351407355543414
Burnley,2021-22,3,0.3982623729056809
Liverpool,2021-22,4,0.6920671715929055
Newcastle,2021-22,5,0.3810366902473677
West Ham,2021-22,6,0.5354213831403586
Watford,2021-22,7,0.48674868177177155
Southampton,2021-22,8,0.42847283101255007
Wolves,2021-22,9,0.4621171593690353
Norwich,2021-22,10,0.4183246619910851
Leicester,2021-22,11,0.518456531671082
Spurs,2021-22,12,0.5305874071918436
Man Utd,2018-19,1,0.5348400954871365
Wolves,2018-19,2,0.4225563988984165
Southampton,2018-19,3,0.4085503833797768
Liverpool,2018-19,4,0.6675527193381369
Fulham,2018-19,6,0.2818316977340614
Everton,2018-19,8,0.5005318928208542
Arsenal,2018-19,9,0.5163802756146616
West Ham,2018-19,10,0.5292552416318812
West Brom,2018-19,11,0.2966702675694116
Burnley,2018-19,12,0.38795535653693924
Brighton,2018-19,13,0.3955019897029491
Watford,2018-19,14,0.4369889020641935
Spurs,2018-19,16,0.5045161420023941
Crystal Palace,2018-19,17,0.4367731780662735
Chelsea,2018-19,18,0.6397307439042464
Man City,2018-19,19,0.7040038753879738
West Brom,2018-19,20,0.2709694081745254
Everton,2018-19,21,0.5401702148976385
Southampton,2018-19,22,0.39675640891751035
Wolves,2018-19,23,0.41529088490409133
Liverpool,2018-19,24,0.7144741975467633
Man Utd,2018-19,25,0.576426224321571
Spurs,2018-19,26,0.5559842904221364
Crystal Palace,2018-19,27,0.4886070555188651
Brighton,2018-19,28,0.45246267090461106
Watford,2018-19,29,0.46348069546714327
Fulham,2018-19,30,0.33613498732286584
Burnley,2018-19,31,0.4408653284925532
West Brom,2018-19,33,0.33337166837852567
Newcastle,2018-19,34,0.3876242658122194
West Ham,2018-19,35,0.565371783893728
Arsenal,2018-19,36,0.5789785901163524
Man City,2018-19,37,0.7058005823109046
Chelsea,2018-19,38,0.6342404640624886
West Ham,2019-20,1,0.5664906237094947
Spurs,2019-20,2,0.5708204467771903
Newcastle,2019-20,3,0.4067065485829174
Brighton,2019-20,4,0.40165119392360804
Norwich,2019-20,5,0.3707894125833958
Watford,2019-20,6,0.4595756554477545
Everton,2019-20,7,0.5312097643800844
Wolves,2019-20,8,0.42138888391006474
Crystal Palace,2019-20,9,0.47381038119580876
Aston Villa,2019-20,10,0.45751558852946084
Southampton,2019-20,11,0.41024304840573217
Liverpool,2019-20,12,0.667102706941941
Chelsea,2019-20,13,0.5817134512287064
Newcastle,2019-20,14,0.3372441995203294
Burnley,2019-20,15,0.35416639110190024
Man Utd,2019-20,16,0.5333211501620932
Arsenal,2019-20,17,0.4946680583808685
Leicester,2019-20,18,0.446581778226155
Wolves,2019-20,19,0.39087916983685894
Sheffield Utd,2019-20,20,0.34880227725746177
Everton,2019-20,21,0.45996030013933187
Aston Villa,2019-20,22,0.38906816893489377
Crystal Palace,2019-20,23,0.38061105229175535
Sheffield Utd,2019-20,24,0.31246384656591814
Spurs,2019-20,25,0.46282716646600336
West Ham,2019-20,26,0.44347765524734206
Leicester,2019-20,27,0.4021439353277427
Man Utd,2019-20,29,0.5017640046997077
Leeds,2020-21,1,0.2786332110103224
Chelsea,2020-21,2,0.3755146128932491
Arsenal,2020-21,3,0.2978199356412483
Aston Villa,2020-21,4,0.23534302502473747
Everton,2020-21,5,0.297185363057423
Sheffield Utd,2020-21,6,0.20350563144853787
West Ham,2020-21,7,0.29580722019245276
Man City,2020-21,8,0.48563888525599513
Leicester,2020-21,9,0.2663128519633208
Brighton,2020-21,10,0.19681637841093005
Wolves,2020-21,11,0.26521495468807826
Fulham,2020-21,12,0.1368356745019601
Spurs,2020-21,13,0.3471964328209075
Crystal Palace,2020-21,14,0.25356752978492414
West Brom,2020-21,15,0.14285045734228002
Newcastle,2020-21,16,0.19847509341098504
Southampton,2020-21,17,0.23319716069112706
Spurs,2020-21,20,0.35975920952634055
West Ham,2020-21,21,0.2963476037466027
Brighton,2020-21,22,0.21318829672472983
Man City,2020-21,23,0.5178336405504211
Leicester,2020-21,24,0.29670426579145676
Everton,2020-21,25,0.3525452874759062
Sheffield Utd,2020-21,26,0.24838443485308806
Fulham,2020-21,27,0.18758487447570188
Wolves,2020-21,28,0.3424626089169539
Arsenal,2020-21,30,0.3755042840145519
Aston Villa,2020-21,31,0.32827914806148406
Leeds,2020-21,32,0.3194383953213742
Newcastle,2020-21,33,0.2598398346107935
West Brom,2020-21,36,0.20300933901422102
Burnley,2020-21,37,0.25338020035876363
Crystal Palace,2020-21,38,0.3084234622081013
Norwich,2021-22,1,0.24982218356255861
Burnley,2021-22,2,0.23089253696333076
Chelsea,2021-22,3,0.40425488696218703
Leeds,2021-22,4,0.30586933599606175
Crystal Palace,2021-22,5,0.2772681836056845
Brentford,2021-22,6,0.2544379353535901
Man City,2021-22,7,0.5398106758589398
Watford,2021-22,8,0.2653506071211508
Man Utd,2021-22,9,0.41659507325239264
Brighton,2021-22,10,0.2359462465059065
West Ham,2021-22,11,0.2968394887414171
Arsenal,2021-22,12,0.3257493214527591
West Ham,2018-19,1,0.3234442203965816
Crystal Palace,2018-19,2,0.26112939199916646
Brighton,2018-19,3,0.24267232075673212
Leicester,2018-19,4,0.2871302046270239
Spurs,2018-19,5,0.3301255604495593
Southampton,2018-19,6,0.24203063068255024
Chelsea,2018-19,7,0.3525157630734268
Man City,2018-19,8,0.49214159093513954
West Brom,2018-19,10,0.1483336978978303
Arsenal,2018-19,11,0.2697595880628085
Fulham,2018-19,12,0.15471778058925217
Watford,2018-19,13,0.22474616114370072
Everton,2018-19,14,0.2979890842338648
Burnley,2018-19,15,0.17677112435753525
Newcastle,2018-19,16,0.19198154765155778
Man Utd,2018-19,17,0.3438590644563221
Wolves,2018-19,18,0.21905924647448327
Newcastle,2018-19,19,0.1756358731546327
Arsenal,2018-19,20,0.24079864888005106
Man City,2018-19,21,0.4369873266769546
Brighton,2018-19,22,0.1924827608654425
Crystal Palace,2018-19,23,0.19935514406562152
Leicester,2018-19,24,0.22661427680487004
West Ham,2018-19,25,0.24525154756203218
Newcastle,2018-19,26,0.1774306319910033
Man Utd,2018-19,27,0.3233539725948096
Watford,2018-19,28,0.19796504933288142
Everton,2018-19,29,0.2644271133099256
Burnley,2018-19,30,0.1639419003376975
Fulham,2018-19,31,0.13202110326905217
Southampton,2018-19,33,0.2054589085357023
Chelsea,2018-19,34,0.31650419053796347
West Brom,2018-19,35,0.1194134959409423
Newcastle,2018-19,37,0.16003652683659103
Wolves,2018-19,38,0.1960557512711143
Chelsea,2019-20,1,0.6150877119263649
Wolves,2019-20,2,0.459878172187238
Crystal Palace,2019-20,3,0.44521061710268706
Southampton,2019-20,4,0.4682732122434955
Leicester,2019-20,5,0.5219017321782853
West Ham,2019-20,6,0.5243270110848348
Arsenal,2019-20,7,0.5235700124781272
Liverpool,2019-20,9,0.7354856463016746
Norwich,2019-20,10,0.41276864228154275
Newcastle,2019-20,11,0.3935387874967231
Brighton,2019-20,12,0.4426631305970182
Sheffield Utd,2019-20,13,0.38134379872588625
Aston Villa,2019-20,14,0.48240863936972683
Spurs,2019-20,15,0.5592000883180164
Man City,2019-20,16,0.731518448370616
Everton,2019-20,17,0.5132739071317918
Watford,2019-20,18,0.40200874661765695
Burnley,2019-20,20,0.36382677854017004
Arsenal,2019-20,21,0.48142487367546477
Norwich,2019-20,22,0.3830797852265193
Liverpool,2019-20,23,0.7001193376355239
Burnley,2019-20,24,0.35607457907074724
Wolves,2019-20,25,0.4672709268983097
Chelsea,2019-20,26,0.5880714264108493
Watford,2019-20,27,0.44004638818837355
Everton,2019-20,28,0.5216543619873317
Man City,2019-20,29,0.7040170265037045
Wolves,2020-21,2,0.3656294497222111
Leicester,2020-21,3,0.38101809694104005
Leeds,2020-21,4,0.39150263858380135
Arsenal,2020-21,5,0.43232043399080383
West Ham,2020-21,6,0.43374452307463573
Sheffield Utd,2020-21,7,0.2936809046106425
Liverpool,2020-21,8,0.6302005337553751
Spurs,2020-21,9,0.4259640814556765
Burnley,2020-21,10,0.2992129161098137
Fulham,2020-21,11,0.2406325895910002
Man Utd,2020-21,12,0.5023038860769605
West Brom,2020-21,13,0.22877702654222362
Southampton,2020-21,14,0.35322948855811315
Newcastle,2020-21,15,0.3087992520915354
Chelsea,2020-21,17,0.44281146430426516
Brighton,2020-21,18,0.29301673484731783
Crystal Palace,2020-21,19,0.32416885777287485
West Brom,2020-21,20,0.20570140380972451
Sheffield Utd,2020-21,21,0.2409959956983885
Burnley,2020-21,22,0.23751140696163275
Liverpool,2020-21,23,0.5648737888989066
Spurs,2020-21,24,0.3683240649236646
Arsenal,2020-21,25,0.3180650556099521
Wolves,2020-21,26,0.2633590786460368
Man Utd,2020-21,27,0.3985538275324489
Fulham,2020-21,28,0.1742468393457867
Leicester,2020-21,30,0.3124944016137099
Leeds,2020-21,31,0.28694531580244853
Aston Villa,2020-21,32,0.29745927192086297
Crystal Palace,2020-21,34,0.26866271419157894
Chelsea,2020-21,35,0.3484624836533091
Newcastle,2020-21,36,0.2410565333407321
Brighton,2020-21,37,0.238424353261667
Everton,2020-21,38,0.371535525574472
Spurs,2021-22,1,0.36149611304970963
Norwich,2021-22,2,0.2405401873730845
Arsenal,2021-22,3,0.3322262874272562
Leicester,2021-22,4,0.3221759395015764
Southampton,2021-22,5,0.2681196009399961
Chelsea,2021-22,6,0.38664015969709037
Liverpool,2021-22,7,0.5241062925034852
Burnley,2021-22,8,0.2102749364535363
Brighton,2021-22,9,0.2491636428648129
Crystal Palace,2021-22,10,0.2546189205524204
Man Utd,2021-22,11,0.44098613766702377
Everton,2021-22,12,0.3364509103251543
Arsenal,2018-19,1,0.2913366829839905
Fulham,2018-19,2,0.15934824479770274
Wolves,2018-19,3,0.24498771096629396
West Brom,2018-19,6,0.16317255505301767
Brighton,2018-19,7,0.23050639161615918
Liverpool,2018-19,8,0.49162885669459255
Burnley,2018-19,9,0.1867981079617897
Spurs,2018-19,10,0.33393042652693866
Southampton,2018-19,11,0.2347817388030589
Man Utd,2018-19,12,0.3702122977306215
West Ham,2018-19,13,0.2895540207185713
Newcastle,2018-19,14,0.18331830948285494
Watford,2018-19,15,0.2054585191532821
Chelsea,2018-19,16,0.29226011192201207
Everton,2018-19,17,0.2789397535737549
Crystal Palace,2018-19,18,0.22842556456809615
Leicester,2018-19,19,0.26278550215421087
Southampton,2018-19,20,0.24356917692043376
Liverpool,2018-19,21,0.4889447386687118
Wolves,2018-19,22,0.23502929945088719
Fulham,2018-19,23,0.14054191945005554
Arsenal,2018-19,25,0.2494534526923151
Chelsea,2018-19,26,0.3238422064512666
West Ham,2018-19,28,0.2729938183283085
Newcastle,2018-19,29,0.17338524734130176
Watford,2018-19,30,0.1943914839558941
Fulham,2018-19,32,0.12100665750046949
Crystal Palace,2018-19,34,0.22513908659834256
Burnley,2018-19,36,0.14377518230243141
Leicester,2018-19,37,0.23405707752389304
Brighton,2018-19,38,0.16897752925186824
Arsenal,2019-20,1,0.49210840575087683
Norwich,2019-20,2,0.40623309442068906
Spurs,2019-20,3,0.6001074883775241
Watford,2019-20,4,0.4575309097271658
Liverpool,2019-20,5,0.7233742435073375
Brighton,2019-20,6,0.4511414849085474
Leicester,2019-20,7,0.5454924458412851
Man Utd,2019-20,8,0.6574533555240182
Chelsea,2019-20,9,0.6060373967038801
Wolves,2019-20,10,0.49258839506365754
West Ham,2019-20,11,0.5687413487238577
Aston Villa,2019-20,13,0.5009191091585266
Man City,2019-20,14,0.7432966049400369
Sheffield Utd,2019-20,15,0.4055617839696429
Southampton,2019-20,16,0.4625906516880322
Burnley,2019-20,17,0.3692212642334434
Crystal Palace,2019-20,18,0.5125202665193013
Man Utd,2019-20,19,0.6045419665463881
Everton,2019-20,20,0.5441276861846254
Leicester,2019-20,21,0.5580604630690341
Wolves,2019-20,22,0.4996464862398241
Chelsea,2019-20,23,0.6338619854011256
Everton,2019-20,24,0.5646078918975554
Norwich,2019-20,25,0.42541856134922085
Arsenal,2019-20,26,0.5261250183912324
Crystal Palace,2019-20,27,0.5159301927990311
Burnley,2019-20,28,0.434889479004383
Southampton,2019-20,29,0.4880202200202843
Crystal Palace,2020-21,2,0.43619381365241394
Brighton,2020-21,3,0.3860721346849338
Spurs,2020-21,4,0.49665093328843496
Newcastle,2020-21,5,0.3656073157558492
Chelsea,2020-21,6,0.5296645126799941
Arsenal,2020-21,7,0.4676745241226369
Everton,2020-21,8,0.5065611202714031
West Brom,2020-21,9,0.2850694593898078
Southampton,2020-21,10,0.36809788593616566
West Ham,2020-21,11,0.4514317897693565
Man City,2020-21,12,0.6422363798533842
Sheffield Utd,2020-21,13,0.295778942446623
Leeds,2020-21,14,0.4275682231139262
Leicester,2020-21,15,0.4380138494987213
Wolves,2020-21,16,0.3592736301342126
Aston Villa,2020-21,17,0.3857136894997674
Burnley,2020-21,18,0.27771020482739084
Sheffield Utd,2020-21,20,0.25059956439041137
Arsenal,2020-21,21,0.42155730166477484
Southampton,2020-21,22,0.3117249550526888
Everton,2020-21,23,0.4089263971190612
West Brom,2020-21,24,0.22797191817579174
Newcastle,2020-21,25,0.2948488703638862
Crystal Palace,2020-21,26,0.3950830277226112
Man City,2020-21,27,0.6077360270030162
West Ham,2020-21,28,0.3776101588773831
Brighton,2020-21,30,0.2872337607019612
Spurs,2020-21,31,0.41468698246161423
Burnley,2020-21,32,0.24329661551794807
Leeds,2020-21,33,0.34440068561859566
Liverpool,2020-21,35,0.5646545296084517
Fulham,2020-21,37,0.20121947727801048
Wolves,2020-21,38,0.3147301243272645
Leeds,2021-22,1,0.3636327884655932
Southampton,2021-22,2,0.26079549666646135
Wolves,2021-22,3,0.2963183140815235
Newcastle,2021-22,4,0.24374288591762616
West Ham,2021-22,5,0.33053245187006286
Aston Villa,2021-22,6,0.3148769146596522
Everton,2021-22,7,0.37058051143762555
Leicester,2021-22,8,0.3893172423854144
Liverpool,2021-22,9,0.6006103594697458
Spurs,2021-22,10,0.42399141197504836
Man City,2021-22,11,0.5642597655853991
Watford,2021-22,12,0.3211711870731081
Leicester,2018-19,1,0.4541092539989411
Brighton,2018-19,2,0.2969603452925725
Spurs,2018-19,3,0.4385476774240188
Burnley,2018-19,4,0.298134412499948
Watford,2018-19,5,0.3697909302495764
Wolves,2018-19,6,0.3333073108655575
West Ham,2018-19,7,0.38776391266865534
Newcastle,2018-19,8,0.30347708883531527
Chelsea,2018-19,9,0.48674031129010026
Everton,2018-19,10,0.442390301747148
Newcastle,2018-19,11,0.2788690876981368
Man City,2018-19,12,0.6050572668034496
Crystal Palace,2018-19,13,0.4139186098070356
Southampton,2018-19,14,0.3202964347163119
Arsenal,2018-19,15,0.4428444540402019
Liverpool,2018-19,17,0.6574057863679448
West Brom,2018-19,18,0.25954054324913856
Fulham,2018-19,19,0.2517552870797691
Newcastle,2018-19,20,0.27867102411939115
Newcastle,2018-19,21,0.26595763339743206
Spurs,2018-19,22,0.4449921051271052
Brighton,2018-19,23,0.31223899602929683
Burnley,2018-19,24,0.2533456547122717
Leicester,2018-19,25,0.4243374786057736
Fulham,2018-19,26,0.21122119758349261
Liverpool,2018-19,27,0.6170672159171016
Crystal Palace,2018-19,28,0.3709238129595735
Southampton,2018-19,29,0.2739422502682405
Arsenal,2018-19,30,0.37325801728075714
West Ham,2018-19,34,0.3591182359441166
Man City,2018-19,35,0.5704562228743681
Chelsea,2018-19,36,0.4324352916925433
West Brom,2018-19,38,0.20892161258406866
Liverpool,2019-20,1,0.7412630132966713
Chelsea,2019-20,3,0.5895254768454332
West Ham,2019-20,4,0.5152389820732742
Man City,2019-20,5,0.7524708944293433
Burnley,2019-20,6,0.3864884063696875
Crystal Palace,2019-20,7,0.5370018651383508
Aston Villa,2019-20,8,0.5518867425340934
Man Utd,2019-20,10,0.6662167953947548
Brighton,2019-20,11,0.4856893830751028
Watford,2019-20,12,0.5329104939927409
Everton,2019-20,13,0.6142484118540376
Arsenal,2019-20,14,0.630174702002661
Southampton,2019-20,15,0.4815829265585422
Sheffield Utd,2019-20,16,0.4708877622695038
Leicester,2019-20,17,0.6387518752225112
Wolves,2019-20,18,0.5371112493890969
Aston Villa,2019-20,19,0.630673876490683
Spurs,2019-20,20,0.6621064292580106
Crystal Palace,2019-20,21,0.6350552197852325
Man Utd,2019-20,22,0.7234200286181354
Spurs,2019-20,24,0.6573850279791561
Liverpool,2019-20,26,0.8330376834765891
Wolves,2019-20,27,0.5876164341478022
Leicester,2019-20,28,0.6764685477420744
Sheffield Utd,2019-20,29,0.5277174195498125
West Ham,2020-21,1,0.5446379639117849
Brighton,2020-21,2,0.45471398503113936
Spurs,2020-21,3,0.5853893923154785
Burnley,2020-21,4,0.4235649964978564
Man Utd,2020-21,5,0.6503116121578103
Wolves,2020-21,6,0.49460629824377167
Everton,2020-21,7,0.535681052640184
Southampton,2020-21,8,0.43991550698413084
Chelsea,2020-21,9,0.6233828716732682
Crystal Palace,2020-21,10,0.5589728810357787
West Brom,2020-21,12,0.3662549029912842
Leeds,2020-21,13,0.5204681778068785
Fulham,2020-21,14,0.340558272315621
Man City,2020-21,15,0.7363743356562101
Liverpool,2020-21,16,0.7801887459521135
Leicester,2020-21,17,0.5500776308401797
Sheffield Utd,2020-21,18,0.4591695255576773
Arsenal,2020-21,19,0.6136183356003386
Leeds,2020-21,20,0.5908143211251841
Everton,2020-21,21,0.5740167250888066
Crystal Palace,2020-21,22,0.5688961573161522
Southampton,2020-21,23,0.5212771481736787
Chelsea,2020-21,24,0.6648488215528611
Man Utd,2020-21,25,0.7069528995090165
West Brom,2020-21,27,0.4110857111224309
Aston Villa,2020-21,28,0.6170276717752485
Brighton,2020-21,29,0.5338937175562344
Spurs,2020-21,30,0.6412140404657539
Burnley,2020-21,31,0.47057984404710784
West Ham,2020-21,32,0.5723620067302478
Liverpool,2020-21,33,0.7888253804090569
Arsenal,2020-21,34,0.616642921352674
Leicester,2020-21,35,0.5936984156860969
Man City,2020-21,36,0.7528355110127877
Sheffield Utd,2020-21,37,0.4833501027029507
Fulham,2020-21,38,0.35547625993161003
West Ham,2021-22,1,0.5085284571299711
Aston Villa,2021-22,2,0.5740348251096895
Southampton,2021-22,3,0.4829036314791741
Man Utd,2021-22,4,0.6993507095320947
Leeds,2021-22,5,0.5958304528822261
Watford,2021-22,6,0.5300548808173803
Wolves,2021-22,7,0.5271501302876218
Spurs,2021-22,8,0.6188367110205935
Crystal Palace,2021-22,9,0.5995203508062582
Chelsea,2021-22,10,0.6897547400631289
Brighton,2021-22,11,0.5576144084048757
Brentford,2021-22,12,0.5599342299589523
Spurs,2018-19,1,0.64178200978427
West Brom,2018-19,2,0.42978445359749684
Chelsea,2018-19,3,0.7122222431128438
Man City,2018-19,4,0.8011264488296693
Arsenal,2018-19,5,0.6833563856319776
Crystal Palace,2018-19,6,0.6328689631914404
Leicester,2018-19,7,0.6312834312804004
Man Utd,2018-19,8,0.7643993287927722
Brighton,2018-19,9,0.6004654584933458
Southampton,2018-19,10,0.5760985351266109
Watford,2018-19,11,0.6120211149135155
Burnley,2018-19,13,0.495492374616657
West Ham,2018-19,14,0.6066558794393634
Everton,2018-19,15,0.5997442359629047
Wolves,2018-19,16,0.6015224412341834
Fulham,2018-19,17,0.4366794817433021
Fulham,2018-19,18,0.41212237773875093
Liverpool,2018-19,19,0.8236273508186925
Watford,2018-19,20,0.5787572451392443
Man Utd,2018-19,21,0.7670432344963689
Chelsea,2018-19,22,0.7452434772059939
West Brom,2018-19,23,0.47423199804113914
Man City,2018-19,24,0.8163656258434776
Spurs,2018-19,25,0.6656303887297941
Wolves,2018-19,26,0.6036523803389544
West Brom,2018-19,27,0.43050657979646245
Burnley,2018-19,28,0.4509581940718953
West Ham,2018-19,29,0.5895163044399714
Everton,2018-19,30,0.5691277347896643
Arsenal,2018-19,32,0.6617933094340964
Crystal Palace,2018-19,33,0.598046355036232
Leicester,2018-19,34,0.6247676840994805
Southampton,2018-19,35,0.5100417841026621
Brighton,2018-19,36,0.5455821941730077
Liverpool,2018-19,37,0.7918906271973304
Fulham,2018-19,38,0.3691023533048579
Crystal Palace,2019-20,2,0.5184858195958388
Leicester,2019-20,3,0.4905773310751882
Chelsea,2019-20,4,0.6361181977702
Southampton,2019-20,5,0.40630984583389707
Everton,2019-20,6,0.4670950178190275
Liverpool,2019-20,7,0.7461473345687174
Watford,2019-20,8,0.452719584992831
Arsenal,2019-20,9,0.6015839595404056
West Ham,2019-20,10,0.505883763005627
Burnley,2019-20,11,0.33470009876129286
Spurs,2019-20,12,0.5565478655698968
Man Utd,2019-20,13,0.6501604778659551
Wolves,2019-20,14,0.46173983146866276
Norwich,2019-20,16,0.38783510414609695
Aston Villa,2019-20,17,0.506956370627234
Brighton,2019-20,18,0.42408624868356215
Watford,2019-20,19,0.38733995078912553
Man City,2019-20,20,0.6560760822864387
Liverpool,2019-20,21,0.714006810804369
West Ham,2019-20,22,0.4744984499724098
Arsenal,2019-20,23,0.5234745569175141
Man City,2019-20,24,0.6683302356731343
Crystal Palace,2019-20,25,0.4584594022158222
Brighton,2019-20,27,0.4036916316057039
Norwich,2019-20,29,0.3479046848188405
Wolves,2020-21,1,0.42268170906161484
Aston Villa,2020-21,2,0.4783474383064308
Leeds,2020-21,3,0.49396302693393906
Arsenal,2020-21,4,0.5571941066564552
Fulham,2020-21,5,0.28713305634732506
Liverpool,2020-21,6,0.7577076913924651
Man City,2020-21,7,0.72778820167368
Chelsea,2020-21,8,0.6458516423300731
West Ham,2020-21,9,0.5256424321827627
West Brom,2020-21,10,0.34808273112912624
Leicester,2020-21,11,0.5764003251959868
Southampton,2020-21,12,0.495489947632692
Man Utd,2020-21,13,0.7348026633587511
Brighton,2020-21,14,0.5546173728265933
Everton,2020-21,15,0.5302728410263248
Burnley,2020-21,16,0.43153609159170675
Crystal Palace,2020-21,17,0.6081377547518424
Newcastle,2020-21,18,0.4759147137565815
Spurs,2020-21,19,0.682418105768566
Man Utd,2020-21,20,0.7721191338348344
Man City,2020-21,21,0.8030020540434274
West Brom,2020-21,22,0.4338715365135412
Chelsea,2020-21,23,0.72579884215134
West Ham,2020-21,24,0.6177129575880029
Fulham,2020-21,25,0.4028184983777448
Liverpool,2020-21,26,0.8459783287100675
Southampton,2020-21,27,0.5780284169867674
Leicester,2020-21,28,0.6745362165655633
Leeds,2020-21,30,0.6914686072130135
Arsenal,2020-21,31,0.7370916907659503
Wolves,2020-21,32,0.6725824849122044
Brighton,2020-21,33,0.6430482501985315
Spurs,2020-21,34,0.7309479489608505
Crystal Palace,2020-21,35,0.669045762902246
Everton,2020-21,36,0.6346491386249269
Newcastle,2020-21,37,0.4969950445753382
Burnley,2020-21,38,0.5243606657669704
Liverpool,2021-22,1,0.8527405334765585
Man City,2021-22,2,0.8315969157155917
Leicester,2021-22,3,0.6838235089302976
Arsenal,2021-22,4,0.7368654611247804
Watford,2021-22,5,0.6160576157729698
Everton,2021-22,6,0.6128246248411339
Burnley,2021-22,7,0.5192243950872575
Brighton,2021-22,8,0.629960085716298
Chelsea,2021-22,9,0.7956101787487255
Leeds,2021-22,10,0.7255237463704441
Brentford,2021-22,11,0.6604496147644551
Southampton,2021-22,12,0.6305076131002633
Burnley,2018-19,1,0.3350873111357655
Everton,2018-19,2,0.4519861357205559
Leicester,2018-19,3,0.5708613214046367
Crystal Palace,2018-19,4,0.5439374937049597
Brighton,2018-19,5,0.45714834147688405
Liverpool,2018-19,6,0.7822518439492919
Wolves,2018-19,7,0.5383819666991527
Chelsea,2018-19,8,0.688219970381594
Man City,2018-19,11,0.7719150069807312
Watford,2018-19,12,0.5149972599788196
Fulham,2018-19,13,0.35966108473551944
Man Utd,2018-19,14,0.7135537892571342
Spurs,2018-19,15,0.6515153751242623
West Brom,2018-19,16,0.3886497683827806
Arsenal,2018-19,17,0.6880886753660681
West Ham,2018-19,19,0.5978332046162665
Man City,2018-19,20,0.8016550239578636
Chelsea,2018-19,21,0.7384042573165026
Leicester,2018-19,22,0.64273219539938
Everton,2018-19,23,0.5279728578690787
Crystal Palace,2018-19,24,0.5453407077017394
Burnley,2018-19,25,0.3842063414663966
Arsenal,2018-19,27,0.63362002746541
Fulham,2018-19,28,0.38568347531511077
Man Utd,2018-19,29,0.691601250165718
Spurs,2018-19,30,0.6559764735841512
Liverpool,2018-19,33,0.8015085992351716
Wolves,2018-19,34,0.5736117295662477
West Ham,2018-19,37,0.5676667700629623
Burnley,2019-20,1,0.3820817467532931
Liverpool,2019-20,2,0.8170263863801409
Brighton,2019-20,3,0.5071682367686101
Man Utd,2019-20,4,0.6992036083158072
Sheffield Utd,2019-20,5,0.46040427649124205
Spurs,2019-20,7,0.6127374398645435
Chelsea,2019-20,8,0.6948589348093738
Wolves,2019-20,9,0.5626415229928733
Leicester,2019-20,10,0.5941871356784175
Man City,2019-20,11,0.7907863367367044
Everton,2019-20,12,0.5160157848714019
Arsenal,2019-20,13,0.6706697945686183
Watford,2019-20,14,0.5383248102937201
Norwich,2019-20,15,0.45059083123631505
West Ham,2019-20,17,0.5975561002308446
Aston Villa,2019-20,18,0.6014403290095256
Chelsea,2019-20,19,0.7018451681631553
Crystal Palace,2019-20,20,0.517191872719999
Spurs,2019-20,21,0.6137864174391774
Leicester,2019-20,22,0.5608695723139688
Wolves,2019-20,23,0.49739054513962777
Crystal Palace,2019-20,24,0.4968659956488879
Liverpool,2019-20,25,0.7737121751306644
Burnley,2019-20,26,0.35425420526250195
Aston Villa,2019-20,27,0.5389264923582928
West Ham,2019-20,28,0.5596415332678408
Crystal Palace,2020-21,1,0.4905273116478106
Spurs,2020-21,2,0.600061028795602
Burnley,2020-21,3,0.4113588291867063
West Brom,2020-21,4,0.3583462115837093
Chelsea,2020-21,5,0.6599500424671415
Everton,2020-21,6,0.4721472909824181
Aston Villa,2020-21,7,0.5064843504975075
Newcastle,2020-21,8,0.3347032526786052
Wolves,2020-21,9,0.49590084620907177
Man Utd,2020-21,10,0.6238406753288522
Brighton,2020-21,11,0.4110830390146398
Sheffield Utd,2020-21,12,0.3757798086226398
Arsenal,2020-21,13,0.5514420181999665
Man City,2020-21,14,0.7196195210969323
Fulham,2020-21,15,0.29120642069001795
West Ham,2020-21,16,0.5476433853314763
Liverpool,2020-21,17,0.7665724982808984
Leicester,2020-21,19,0.4903927931187328
Arsenal,2020-21,20,0.5537669690545293
Aston Villa,2020-21,21,0.4726949923090732
Man Utd,2020-21,22,0.652333959389754
Newcastle,2020-21,23,0.3444707943957451
Wolves,2020-21,24,0.5449208302743789
Leeds,2020-21,25,0.5930652478863512
Everton,2020-21,26,0.4945626298529368
Brighton,2020-21,28,0.47575186129164815
Burnley,2020-21,30,0.4378087380395455
West Brom,2020-21,31,0.3843322019630078
Leicester,2020-21,34,0.632917716240078
Fulham,2020-21,36,0.39508643685706213
Leeds,2020-21,37,0.633807640778449
West Ham,2020-21,38,0.6451565391408206
Everton,2021-22,1,0.5492615712595156
Man Utd,2021-22,2,0.7497391221516387
Newcastle,2021-22,3,0.4479737035521721
West Ham,2021-22,4,0.6701033702450199
Man City,2021-22,5,0.8166361009180424
Wolves,2021-22,6,0.6144709379464931
Chelsea,2021-22,7,0.7209344115713713
Leeds,2021-22,8,0.6733476897161476
Burnley,2021-22,9,0.42906199136057416
Watford,2021-22,10,0.5274356801015537
Aston Villa,2021-22,11,0.5763002767054917
Norwich,2021-22,12,0.42628469643791145
Man Utd,2018-19,3,0.6613046806832117
Watford,2018-19,4,0.4122383104480861
Liverpool,2018-19,5,0.7691218906607976
Brighton,2018-19,6,0.4346253800039584
West Brom,2018-19,8,0.3347897676476471
West Ham,2018-19,9,0.5602083185514783
Man City,2018-19,10,0.7241803231423114
Wolves,2018-19,11,0.521677909343388
Crystal Palace,2018-19,12,0.4534051233412215
Chelsea,2018-19,13,0.5988844138488357
Arsenal,2018-19,14,0.5308272449441054
Southampton,2018-19,15,0.37977473061341865
Leicester,2018-19,16,0.4825285897519823
Burnley,2018-19,17,0.2835866299516986
Everton,2018-19,18,0.3869357982316494
Wolves,2018-19,20,0.4311988288159049
West Brom,2018-19,21,0.2621910228483163
Man Utd,2018-19,22,0.5551252470431043
Watford,2018-19,24,0.37021955460927647
Leicester,2018-19,26,0.4466235673699104
Burnley,2018-19,27,0.2603577086532292
Chelsea,2018-19,28,0.5543081578844291
Arsenal,2018-19,29,0.5458621056789756
Southampton,2018-19,30,0.3573145716725264
Brighton,2018-19,35,0.3680993539610753
West Ham,2018-19,36,0.4990943176656973
Everton,2018-19,38,0.4166933557569709
Aston Villa,2019-20,1,0.4476726920061632
Man City,2019-20,2,0.7101536067131748
Arsenal,2019-20,4,0.5489782192357076
Crystal Palace,2019-20,5,0.4154286224384036
Leicester,2019-20,6,0.4461339250880226
Southampton,2019-20,7,0.38234427067316124
Brighton,2019-20,8,0.3390944949972538
Watford,2019-20,9,0.3843212741666239
Liverpool,2019-20,10,0.7376941083874404
Everton,2019-20,11,0.42384023564144435
Sheffield Utd,2019-20,12,0.35354012635552673
West Ham,2019-20,13,0.5391914615433548
Man Utd,2019-20,15,0.6067232735948601
Burnley,2019-20,16,0.3296179749616192
Wolves,2019-20,17,0.49802326707728156
Chelsea,2019-20,18,0.5837063920379921
Brighton,2019-20,19,0.375155310210799
Norwich,2019-20,20,0.3345838191535086
Southampton,2019-20,21,0.3750258225016719
Liverpool,2019-20,22,0.7509517221612748
Watford,2019-20,23,0.40698097155597135
Norwich,2019-20,24,0.3686292149324969
Man City,2019-20,25,0.7190689578733318
Aston Villa,2019-20,26,0.4187195178684901
Chelsea,2019-20,27,0.5860396756046405
Wolves,2019-20,28,0.4717203027998364
Burnley,2019-20,29,0.315833545715757
Everton,2020-21,1,0.42718390246600685
Southampton,2020-21,2,0.4242793713552942
Newcastle,2020-21,3,0.32614917752212425
Man Utd,2020-21,4,0.635829885232007
West Ham,2020-21,5,0.5095500979034969
Burnley,2020-21,6,0.3169625835763133
Brighton,2020-21,7,0.3581058803653796
West Brom,2020-21,8,0.26745129412422686
Man City,2020-21,9,0.6704131522278348
Chelsea,2020-21,10,0.5749501776236325
Arsenal,2020-21,11,0.5125450659203041
Crystal Palace,2020-21,12,0.3581323123441557
Liverpool,2020-21,13,0.7013662848523836
Leicester,2020-21,14,0.4382964847361794
Wolves,2020-21,15,0.4636810227649209
Leeds,2020-21,17,0.47715066080958024
Fulham,2020-21,18,0.23566907365869746
Sheffield Utd,2020-21,19,0.313035226322199
Liverpool,2020-21,20,0.717254600969249
Brighton,2020-21,21,0.320801764561519
Chelsea,2020-21,22,0.5976255336757276
West Brom,2020-21,23,0.26935426394427314
Man City,2020-21,24,0.6622044722987968
West Ham,2020-21,25,0.5016620197531808
Fulham,2020-21,26,0.2830420895660308
Crystal Palace,2020-21,27,0.421069630772407
Arsenal,2020-21,28,0.5330661850519015
Aston Villa,2020-21,29,0.41793890345263335
Newcastle,2020-21,30,0.308459079127687
Man Utd,2020-21,31,0.594945793855041
Everton,2020-21,32,0.43947073600056613
Sheffield Utd,2020-21,34,0.3462668812294759
Leeds,2020-21,35,0.49393907974318635
Wolves,2020-21,36,0.5108090996423866
Aston Villa,2020-21,37,0.4031801051412249
Leicester,2020-21,38,0.5189296449306993
Man City,2021-22,1,0.6850490791943078
Wolves,2021-22,2,0.46399325004976355
Watford,2021-22,3,0.36089896940874433
Crystal Palace,2021-22,4,0.3683441659348317
Chelsea,2021-22,5,0.6037594397858722
Arsenal,2021-22,6,0.5450199113855475
Aston Villa,2021-22,7,0.42124391398648814
Newcastle,2021-22,8,0.31159243078409266
West Ham,2021-22,9,0.5006735709166749
Man Utd,2021-22,10,0.6042584923981196
Everton,2021-22,11,0.4389915140651187
Leeds,2021-22,12,0.5162502377026641
Brighton,2018-19,1,0.42466063179214814
Burnley,2018-19,2,0.3437375646023702
Crystal Palace,2018-19,3,0.4572130916200448
Spurs,2018-19,4,0.5517128006167045
Man Utd,2018-19,5,0.6233623456945538
Arsenal,2018-19,7,0.5834256358238903
Wolves,2018-19,9,0.4943846076138422
Southampton,2018-19,12,0.3962862871027106
Liverpool,2018-19,13,0.7695789325346081
Leicester,2018-19,14,0.5085445731298629
Man City,2018-19,15,0.6969255638720822
Everton,2018-19,16,0.47891119181282443
West Brom,2018-19,17,0.30511532583982426
West Ham,2018-19,18,0.5706140478679577
Chelsea,2018-19,19,0.6545011139409488
Crystal Palace,2018-19,22,0.44160920251024555
Burnley,2018-19,23,0.31279151839915514
Spurs,2018-19,24,0.5391688267884214
Brighton,2018-19,25,0.3946786900032704
Everton,2018-19,26,0.47384820604781597
Liverpool,2018-19,28,0.7812876607617535
Leicester,2018-19,29,0.5324884597153154
Man City,2018-19,30,0.6876341161306901
Man Utd,2018-19,32,0.6534210273700269
Arsenal,2018-19,34,0.6149708592846433
Wolves,2018-19,36,0.5001078837154407
Chelsea,2018-19,37,0.69875898575741
West Ham,2018-19,38,0.5867107268428474
Brighton,2019-20,1,0.44173899714997517
Everton,2019-20,2,0.5185775821639492
West Ham,2019-20,3,0.6376653725644127
Arsenal,2019-20,5,0.7022720964913496
Man City,2019-20,6,0.7726222444902825
Wolves,2019-20,7,0.5895494098704548
Sheffield Utd,2019-20,8,0.4553073617584427
Spurs,2019-20,9,0.6595446601866428
Newcastle,2019-20,10,0.43472042920677734
Chelsea,2019-20,11,0.7620935051680425
Norwich,2019-20,12,0.4711712105273714
Burnley,2019-20,13,0.41812161246576945
Southampton,2019-20,14,0.5283470922509568
Leicester,2019-20,15,0.6382606199191769
Crystal Palace,2019-20,16,0.5650491174703567
Liverpool,2019-20,17,0.8649112183015235
Man Utd,2019-20,18,0.7769631282494234
Sheffield Utd,2019-20,19,0.46876202026609415
Aston Villa,2019-20,20,0.5540591067090189
Wolves,2019-20,21,0.6095472166505654
Newcastle,2019-20,22,0.4198817240852556
Spurs,2019-20,23,0.6243448530681246
Aston Villa,2019-20,24,0.4891704474168451
Everton,2019-20,25,0.5478113953262249
Brighton,2019-20,26,0.5021395942217467
Man Utd,2019-20,27,0.7284462071961908
Liverpool,2019-20,28,0.8516008982488499
Crystal Palace,2019-20,29,0.5059053854675161
Leicester,2020-21,1,0.5505402679086606
Everton,2020-21,2,0.5157389602850009
Chelsea,2020-21,3,0.7284754086042684
Southampton,2020-21,4,0.4741956763839549
Burnley,2020-21,5,0.39960974222462825
Brighton,2020-21,6,0.4692584486723344
Fulham,2020-21,7,0.3482523240405887
Spurs,2020-21,8,0.6312102434085749
Man Utd,2020-21,9,0.7326017288303163
Sheffield Utd,2020-21,10,0.45430602438599227
Crystal Palace,2020-21,11,0.5288715770760113
Newcastle,2020-21,12,0.42529765104128797
Man City,2020-21,13,0.7986872292359488
Aston Villa,2020-21,14,0.5449921937096055
Liverpool,2020-21,15,0.8487248497162089
Leeds,2020-21,16,0.6326782024142027
Arsenal,2020-21,17,0.7232135983674017
Wolves,2020-21,19,0.6209922531402343
Man City,2020-21,20,0.7898849339401964
Fulham,2020-21,21,0.4180912973572906
Sheffield Utd,2020-21,22,0.4617352234059565
Spurs,2020-21,23,0.6894002456500277
Man Utd,2020-21,24,0.7771951363687214
Burnley,2020-21,25,0.47898506454094825
Brighton,2020-21,26,0.5455492721188642
Newcastle,2020-21,27,0.46277505542576813
Crystal Palace,2020-21,28,0.5778866947004865
Chelsea,2020-21,30,0.7856239510421197
Southampton,2020-21,31,0.5575517617331545
Leicester,2020-21,32,0.6331162783258465
Aston Villa,2020-21,33,0.5565741495262955
Wolves,2020-21,34,0.5802477413564753
Arsenal,2020-21,35,0.7143233118345274
Liverpool,2020-21,36,0.8380333278485775
West Ham,2020-21,37,0.6791717728631605
Leeds,2020-21,38,0.6549628437746083
Aston Villa,2021-22,1,0.5404333645637691
Brighton,2021-22,2,0.4692092620270495
Spurs,2021-22,3,0.65863942134128
Wolves,2021-22,4,0.5745858415218921
Norwich,2021-22,5,0.46318913072580525
Newcastle,2021-22,6,0.44294107943988864
Leeds,2021-22,7,0.6432895218373849
Liverpool,2021-22,8,0.8413071406370058
Everton,2021-22,9,0.6085714187312494
Southampton,2021-22,10,0.5289936913153841
Arsenal,2021-22,11,0.7291587589261751
Man Utd,2021-22,12,0.7543755051485682
Liverpool,2018-19,1,0.7908734916677735
Arsenal,2018-19,3,0.6653274771997723
Wolves,2018-19,4,0.5248298984097055
Everton,2018-19,5,0.5285270057056067
Chelsea,2018-19,6,0.6940483012487422
Man Utd,2018-19,7,0.6636689161435139
Brighton,2018-19,8,0.42144284159457196
Spurs,2018-19,9,0.6100192323863953
Leicester,2018-19,10,0.5905070265838328
Burnley,2018-19,11,0.38318740724410816
Man City,2018-19,13,0.7329010344074701
West Brom,2018-19,15,0.3154205133062667
Crystal Palace,2018-19,16,0.49369400978652445
Watford,2018-19,18,0.4209738809129985
Southampton,2018-19,19,0.4712856167570206
Burnley,2018-19,20,0.3510855464527725
Brighton,2018-19,21,0.45795897257910173
Arsenal,2018-19,22,0.6782670327363145
Wolves,2018-19,24,0.5144085256756628
Liverpool,2018-19,25,0.7984010826545835
Crystal Palace,2018-19,26,0.4741514247085571
Fulham,2018-19,27,0.32994918203324597
Man City,2018-19,28,0.7267401075319182
West Brom,2018-19,31,0.2947344507049916
Everton,2018-19,32,0.4716025350165633
Chelsea,2018-19,33,0.6794752287434854
Man Utd,2018-19,34,0.6495608883185496
Leicester,2018-19,35,0.5925985650129852
Spurs,2018-19,36,0.6331153293882684
Southampton,2018-19,37,0.45426761783499414
Watford,2018-19,38,0.43734359475786433
Man City,2019-20,1,0.7229242679180335
Brighton,2019-20,2,0.4331224989605669
Watford,2019-20,3,0.42236970926152084
Norwich,2019-20,4,0.33860556511405315
Aston Villa,2019-20,5,0.4205234055854715
Man Utd,2019-20,6,0.616031694498583
Crystal Palace,2019-20,8,0.4265604729153447
Everton,2019-20,9,0.46387230972097193
Sheffield Utd,2019-20,10,0.36385518757859237
Burnley,2019-20,12,0.3615784317516833
Spurs,2019-20,13,0.5997224049697335
Chelsea,2019-20,14,0.6968889987403274
Wolves,2019-20,15,0.5305841395975404
Arsenal,2019-20,16,0.6576005244221245
Southampton,2019-20,17,0.45711985851861764
Crystal Palace,2019-20,19,0.49843185471037454
Leicester,2019-20,20,0.5864775451378452
Sheffield Utd,2019-20,22,0.41537718247267075
Everton,2019-20,23,0.5614892337338678
Liverpool,2019-20,24,0.8177864026439788
Brighton,2019-20,25,0.5017646522658421
Man City,2019-20,26,0.7843318289326653
Liverpool,2019-20,27,0.8274989270598898
Southampton,2019-20,28,0.48846394680489313
Arsenal,2019-20,29,0.7013305408240892
Newcastle,2020-21,1,0.4240984436902687
Arsenal,2020-21,2,0.7288342595429214
Wolves,2020-21,3,0.628102805197547
Leicester,2020-21,4,0.639614305731014
Spurs,2020-21,5,0.6497284287546944
Man City,2020-21,6,0.7812716617061036
Liverpool,2020-21,7,0.8157513637030073
Fulham,2020-21,8,0.35690993539147026
Sheffield Utd,2020-21,9,0.4283566283803423
Aston Villa,2020-21,10,0.4731031484288086
Man Utd,2020-21,11,0.6322730649587243
Leeds,2020-21,12,0.5894002530308479
Crystal Palace,2020-21,13,0.5033585175428612
Chelsea,2020-21,14,0.6625040835058837
Brighton,2020-21,15,0.4553012450355347
Southampton,2020-21,16,0.4187618158317754
Everton,2020-21,17,0.5205878183387129
West Brom,2020-21,19,0.28502548481316153
Crystal Palace,2020-21,20,0.4933168893091816
Liverpool,2020-21,21,0.779589398855157
Aston Villa,2020-21,22,0.4222973471306253
Fulham,2020-21,23,0.2849358358293707
Sheffield Utd,2020-21,24,0.36302913438327383
Spurs,2020-21,25,0.5658522287563458
Man City,2020-21,26,0.7020632395445743
Leeds,2020-21,27,0.5145139870431604
Man Utd,2020-21,28,0.5822119316438148
Arsenal,2020-21,29,0.6289144372185009
Wolves,2020-21,30,0.4783484912858081
Leicester,2020-21,31,0.4947151173153859
Newcastle,2020-21,32,0.3116090644119087
Chelsea,2020-21,33,0.6194616288869632
Burnley,2020-21,34,0.34626227000782134
Everton,2020-21,35,0.43708259178616
Brighton,2020-21,36,0.408470002778982
West Brom,2020-21,37,0.2511147312002045
Southampton,2020-21,38,0.36860853170345514
Newcastle,2021-22,1,0.34838273679297893
Leicester,2021-22,2,0.4780232072925685
Crystal Palace,2021-22,3,0.4115893318706472
Southampton,2021-22,4,0.33003406983235806
Man Utd,2021-22,5,0.580052927504595
Leeds,2021-22,6,0.4827518559252837
Brentford,2021-22,7,0.3723997053696326
Everton,2021-22,8,0.4539863048273413
Spurs,2021-22,9,0.516371526026142
Aston Villa,2021-22,10,0.3494712780862273
Liverpool,2021-22,11,0.7338796818905916
Wolves,2021-22,12,0.40050134368227724
Everton,2018-19,1,0.5010387607010652
Leicester,2018-19,2,0.5343503100382083
Man City,2018-19,3,0.7629739570060525
West Ham,2018-19,4,0.6085178227035093
Burnley,2018-19,5,0.37344663350659274
Man Utd,2018-19,6,0.6427968362855194
Southampton,2018-19,7,0.38481749032209706
Crystal Palace,2018-19,8,0.45958030090360985
Watford,2018-19,9,0.375927412788346
Brighton,2018-19,10,0.42272808757266583
Spurs,2018-19,11,0.5582697165596635
Arsenal,2018-19,12,0.6680432094284615
West Brom,2018-19,14,0.27170641080939684
Chelsea,2018-19,15,0.696316729108554
Liverpool,2018-19,18,0.7846313736942375
Spurs,2018-19,20,0.5854009042309742
Crystal Palace,2018-19,21,0.465814559353213
Man City,2018-19,22,0.7453936150936548
Leicester,2018-19,23,0.5522006550902556
West Ham,2018-19,24,0.5750432784742273
Everton,2018-19,25,0.4731447270776472
Chelsea,2018-19,30,0.6302865730583391
Southampton,2018-19,34,0.3570462258342178
Watford,2018-19,36,0.41616467491617964
Fulham,2018-19,37,0.28734132564365805
Liverpool,2018-19,38,0.7612685561784331
Leicester,2019-20,1,0.4918142528306849
Man Utd,2019-20,2,0.6227755642414955
Burnley,2019-20,3,0.3346292493713525
Everton,2019-20,4,0.44890152966751945
Chelsea,2019-20,5,0.6441115039914623
Crystal Palace,2019-20,6,0.4867249579523001
Watford,2019-20,7,0.4186873302046159
Man City,2019-20,8,0.7345191826010086
Southampton,2019-20,9,0.3741056131538003
Arsenal,2019-20,11,0.6288605525639441
Aston Villa,2019-20,12,0.37972502506541117
Sheffield Utd,2019-20,14,0.3290670424921414
West Ham,2019-20,15,0.5189255753720341
Brighton,2019-20,16,0.4063456015814901
Spurs,2019-20,17,0.5069879421573094
Norwich,2019-20,18,0.3101025925841743
Man City,2019-20,19,0.6891742640833857
Liverpool,2019-20,20,0.7430759836667825
Watford,2019-20,21,0.3517895092112355
Southampton,2019-20,23,0.37108416996035076
Man Utd,2019-20,25,0.5975228609105692
Leicester,2019-20,26,0.4665138554629454
Norwich,2019-20,27,0.2898165300442117
Spurs,2019-20,28,0.5117912552515836
Brighton,2019-20,29,0.38841237276646107
Sheffield Utd,2020-21,1,0.3088235272004777
Man City,2020-21,2,0.6403053493216013
West Ham,2020-21,3,0.47234711964413534
Fulham,2020-21,4,0.25762820281935894
Leeds,2020-21,5,0.45799275775809045
Newcastle,2020-21,6,0.31434815136575256
Crystal Palace,2020-21,7,0.41722160975969275
Leicester,2020-21,8,0.4382368652951355
Southampton,2020-21,9,0.33679788967410784
Arsenal,2020-21,10,0.5943714238432172
Liverpool,2020-21,11,0.7386297985122636
Aston Villa,2020-21,12,0.3343968681408675
Chelsea,2020-21,13,0.6145119246361305
Burnley,2020-21,14,0.3048191423189738
Spurs,2020-21,15,0.5076934987625134
Man Utd,2020-21,16,0.5950367164853769
Brighton,2020-21,17,0.4270348352222445
Everton,2020-21,18,0.45445183193066835
Chelsea,2020-21,20,0.6275693839571185
Crystal Palace,2020-21,21,0.45091989261389065
Arsenal,2020-21,22,0.6287110349963057
Leicester,2020-21,23,0.5101212270310803
Southampton,2020-21,24,0.3774202970747545
Newcastle,2020-21,26,0.35305511915484905
Aston Villa,2020-21,27,0.38688497922815274
Liverpool,2020-21,28,0.7796064069271118
West Ham,2020-21,30,0.5340858968126122
Fulham,2020-21,31,0.2872926329319402
Sheffield Utd,2020-21,32,0.34791269817522413
Burnley,2020-21,33,0.358913252363786
West Brom,2020-21,34,0.2768378889425156
Brighton,2020-21,35,0.46319223151310485
Spurs,2020-21,36,0.5400048255624936
Everton,2020-21,37,0.5023504529787165
Man Utd,2020-21,38,0.6621879824044975
Leicester,2021-22,1,0.5562237191010723
Spurs,2021-22,2,0.6019406121075171
Man Utd,2021-22,3,0.7000978595811683
Watford,2021-22,4,0.4770662549713204
Brentford,2021-22,5,0.49246708843870274
Southampton,2021-22,6,0.44489493388549356
Newcastle,2021-22,7,0.4319640231525589
Aston Villa,2021-22,8,0.45037025786467066
Leeds,2021-22,9,0.5230510434473952
Everton,2021-22,10,0.5355350484786884
Crystal Palace,2021-22,11,0.49036620201317077
West Ham,2021-22,12,0.584807376675541
